en,ja
# 0,# 0
exist,在
he,他
three,三
eat,吃
Yuan,元
like,愛
beat,打
make,使
Ten thousand,萬
Should,該
head,頭
Ah,阿
ten,十
Disaster,難
department,部
male,男
try,試
city,市
division,師
South,南
poetry,詩
generation,代
civil,民
Tea,茶
bitter,苦
Card,牌
history,史
Mr.,氏
sand,沙
Scholar,士
case,案
white,素
dark,暗
Race,賽
cast,投
sigh,嘆
See,視
dust,埃
Thai,泰
burden,負
Prefecture,府
woman,婦
state,態
Publication,刊
fetal,胎
idiot,痴
greedy,貪
Fu,賦
symbol,符
young,幼
yarn,紗
Service,仕
Kou,寇
phlegm,痰
Overview,概
temples,鬢
Convenience,便
water,水
quick,快
part,段
head,首
Mountain,山
Calculate,算
bright,明
Mode,式
Soup,湯
acid,酸
knowledge,識
cut,斬
have,有
big,大
Four,四
die,死
No.,第
because,因
vice,副
mouth,口
horse,馬
root,根
blessing,福
print,印
width,幅
Clothes,服
transport,運
Negative,陰
Search,索
cool,酷
I,私
excellent,優
drink,飲
kinky,淫
cover,覆
Yin,尹
heir,嗣
long,長
few,少
god,神
morning,朝
overtake,超
room,室
List,陳
lose,失
brush,刷
steel,鋼
Seedling,苗
bran,糠
one,一
want,要
Again,再
Walk,走
talent,才
Place,所
road,道
point,分
Book,書
five,五
flower,花
Door,門
outside,外
to,至
Half,半
talk,談
Eye,眼
Test,考
version,版
gold,金
class,班
host,主
Bag,包
vegetable,菜
over,完
common,共
meal,飯
certain,某
easy,易
opposite,反
Row,排
group,群
back,背
Know,知
change,改
meaning,意
tree,木
turn,翻
feeling,感
military,軍
want,欲
No.,番
plate,盤
you,君
hair,毛
world,世
Chinese,漢
double,倍
field,田
Note,注
Product,品
watt,瓦
offender,犯
catty,斤
silver,銀
soft,軟
Residence,居
cold,寒
load,載
rule,治
crime,罪
tribe,族
Fast,速
bother,煩
Company,社
bag,袋
sweat,汗
eye,目
pieces,枚
Qin,琴
Harmful,害
warm,暖
plum,梅
Yu,宇
Sun,孫
Ash,灰
poison,毒
Zhu,朱
fiscal,財
concentrated,濃
inch,寸
different,異
Momentum,勢
branch,枝
Min,敏
shoot,射
Judgement,判
ditch,溝
cowry,貝
inn,宿
defeat,敗
Hou,侯
Violence,暴
column,欄
umbrella,傘
screen,幕
ban,禁
stuffy,悶
altar,壇
Agriculture,農
In season,旬
Hou,候
pillar,柱
geese,雁
towel,巾
Resistance,耐
KK,株
Training,訓
Kanade,奏
county,郡
feather,羽
Circle,丸
damage,損
firewood,柴
poor,貧
Fan,範
logic,筋
Material,材
Chant,吟
beach,灘
Traditional,繁
predict,卜
patrol,巡
Yi,夷
Tun,屯
filling,餡
fish,漁
manure,糞
lead,鉛
convex,凸
Kun,坤
heat,暑
blunt,鈍
rod,竿
Domain,藩
piece,塊
item,項
skirts,裳
use,用
sky,天
new,新
out,出
name,名
Heart,心
between,間
cross,越
letter,信
about,約
noodle,面
move,動
East,東
Mutually,相
direction,方
Tube,管
week,周
shop,店
elegant,雅
straight,直
Strange,怪
short,短
life,命
ox,牛
official,官
ball,玉
bottle,瓶
relative,親
end,端
willing,願
ring,環
allow,準
Museum,館
state,州
Hole,洞
Smelly,臭
Shun,順
dense,密
wish,祝
idle,閑
No,嫌
simple,簡
pure,純
quality,質
snake,蛇
ruler,尺
burst,爆
Job,職
ugly,醜
technique,術
land,陸
older brother,兄
pavilion,亭
Shrink,縮
dog,犬
temple,殿
bundle,束
Description,述
honey,蜜
fry,煎
Pseudo,偽
Shun,俊
debt,債
core,芯
sand,砂
ship,艦
Inscription,銘
Guan,貫
mediocre,庸
hammer,錘
arm,腕
night,宵
shame,恥
egg,卵
boat,艇
abalone,鮑
cotton,綿
coffin,棺
cone,錐
stream,澗
Summary,綜
vertebrae,椎
free time,暇
ambition,志
lips,唇
crown,冠
corpse,屍
No,不
Bundle,把
Down,下
back,後
day,日
wait,等
Second-rate,次
Can,可
talk,話
real,真
and,並
Compare,比
Bit,位
Depend on,由
First,先
sentence,句
none,無
Character,字
Don't,別
piece,片
born,生
since,自
eight,八
white,白
Leave,離
night,夜
remember,記
Expect,期
class,課
profit,利
machine,機
house,房
Festival,節
Dream,夢
degree,度
clear,清
first time,初
granules,顆
spring,春
strange,奇
bird,鳥
bridge,橋
reason,理
even,偶
soil,土
kindness,恩
Tool,具
division,科
town,鎮
river,河
ride,騎
Food,食
Device,器
base,基
Similar,似
righteous,義
Wei,威
Temple,寺
shape,形
beside,旁
magic,魔
horn,角
still,尚
cooked,熟
Nozomi,希
Hold,操
peak,峰
Self,己
younger sister,妹
Myo,妙
Discussion,議
copy,抄
key,鍵
Wu,武
emperor,帝
only,徒
numb,麻
Urine,尿
Predicate,謂
breath,息
tide,潮
season,季
shock,震
secret,秘
suspect,疑
Stomach,胃
Jane,珍
dust,塵
Liang,梁
garden,庭
Simulation,擬
Shiba,芝
discipline,紀
instrument,儀
juice,汁
avoid,忌
stick,粘
Decision,決
Brocade,錦
nail,釘
Wei,偉
build,築
spectrum,譜
give,予
pulse,脈
tongue,舌
trillion,兆
hole,穴
cage,籠
Confucianism,儒
Crisp,酥
way,途
Ru,汝
Mang,芒
madder,茜
Ode,頌
stupid,愚
concave,凹
prostitute,妓
Outline,綱
Shuo,朔
descendants,裔
candle,燭
monkey,猿
warbler,鶯
silk,絹
plug,栓
Geng,庚
Ji,笈
spleen,脾
smelting,冶
slave girl,婢
middle,中
pieces,件
Province,省
rush,衝
Boat,船
top,頂
business,商
gun,槍
mad,狂
Victory,勝
Lift,升
Lock,鎖
port,港
mirror,鏡
wrinkle,皺
reward,賞
haze,霞
glue,膠
intestinal,腸
pocket,兜
Mausoleum,陵
monument,碑
Ting,汀
pick,鎬
pupil,瞳
oak,柏
samurai,侍
trip,絆
discretionary,酌
people,人
All,都
Year,年
quilt,被
hour,時
Small,小 ゎ
Several,幾
Home,家
case,事
two,二
child,子
live,住
beautiful,美
female,女
add,加
not yet,未
seat,座
seven,七
No,非
Low,低
word,詞
question,題
north,北
Difference,差
system,系
cloth,布
group,派
expensive,貴
antiquity,古
force,力
blue,藍
change,化
fee,費
read,念
fire,火
flow,流
magnificent,華
sound,音
Pick,取
floor,床
appoint,任
tower,塔
end,底
shelf,架
Therefore,故
thin,細
taste,味
summer,夏
example,例
shop,屋
Bubble,泡
hold,持
good,佳
source,源
string,串
carve,刻
Dan,丹
count,計
micro,微
tail,尾
well,井
wife,妻
Funding,資
prick,刺
currency,幣
mu,畝
Heal,愈
animals,匹
drive,駕
sad,悲
O,御
peach,桃
soft,柔
liquid,液
beneficial,益
rhyme,韻
chrysanthemum,菊
Wei,魏
sparse,疏
Yi,逸
inflammation,炎
International,際
Concubine,妃
rail,軌
Ura,浦
Danger,危
blind,盲
Role,役
cancer,癌
Howl,嘯
Disadvantages,弊
Depression,鬱
deaf,聾
Yin,殷
ant,蟻
hoop,箍
Iso,磯
dirt,垢
mole,痣
fence,柵
Algae,藻
Mouth,嘴
frost,霜
lane,巷
box,框
Takumi,匠
of,的
I,我
Wear,著
good,好
able,能
most,最
ask,問
Book,本
high,高
See,見
car,車
old,老
Writer,者
times,回
rice,米
Just,剛
six,六
Dry,幹
morning,早
by,受
Page,頁
West,西
kind,類
wind,風
Newspaper,報
arts,文
Keep,留
sea,海
Nine,九
achievement,功
Group,組
seal up,封
Customer,客
Word,言
cup,杯
color,色
tired,累
null,空
city,街
ball,球
Argument,論
thing,物
friend,友
install,安
First,甲
ghost,鬼
plate,板
male,公
system,制
Grass,草
for,供
lucky,吉
island,島
member,員
now,今
garden,園
Team,隊
wheel,輪
feet,足
show,秀
Fan,凡
Ran,然
work,工
Clothes,衣
Industry,業
hospital,院
song,曲
autumn,秋
tooth,牙
untie,解
dew,露
boundary,界
mix,混
With,付
Scattered,散
a little,稍
drop,滴
lake,湖
code,碼
Bureau,局
willow,柳
draft,稿
various,諸
Fat,肥
marriage,婚
Benevolence,仁
Zun,尊
pot,盆
Abstinence,戒
responsibility,責
product,積
vulgar,俗
enemy,敵
rock,岩
soul,魂
male,雄
wear,佩
cap,帽
duck,鴨
membership,籍
ink,墨
Pool,池
melon,瓜
Courage,勇
wall,壁
thorns,茨
seat,席
illusion,幻
lines,紋
prison,牢
maple,楓
membrane,膜
mark,痕
tribute,貢
generation,輩
Excitement,激
lung,肺
trace,跡
groove,槽
hack,劈
Graduate,卒
robe,袍
Step,階
servant,僕
Mu,牧
prison,獄
kiln,窯
Yes,確
throat,喉
cliff,崖
Saki,崎
Masonry,砌
bacteria,菌
Yan,妍
magnolia,茅
the ninth of the ten Heavenly Stems,壬
collar,襟
lonely,寂
knees,膝
Ya,涯
Prisoner,囚
Aoi,葵
nephew,姪
Azusa,梓
millet,粟
birch,樺
Binding,縛
oak,橡
corner,隅
gap,隙
saddle,鞍
chestnut,栗
spear,矛
pestle,杵
son-in-law,婿
Wu,蕪
for,為
forward,前
too,太
lol,笑
net,網
even,連
Complete,全
do,作
same,同
field,場
make,令
red,紅
sex,性
refer to,指
Da,達
shoot,拍
Wire,線
Original,原
village,村
pay,交
all over,遍
thousand,千
Formation,陣
hot,熱
fragrant,香
snow,雪
Pass,通
cold,冷
select,選
meat,肉
cloud,雲
star,星
knife,刀
Paper,紙
elder brother,哥
now,現
Thickness,厚
surname,姓
pain,痛
Oil,油
school,校
promise,諾
build,蓋
soldiers,兵
good,善
all,皆
Man,丁
Compilation,編
Positive,陽
Great,棒
Refined,精
sugar,糖
pink,粉
simultaneous,兼
Dictionary,典
Mongolian,蒙
Immortal,仙
cut,切
fierce,猛
eyebrow,眉
Second,乙
Bias,偏
thief,賊
End,末
zero,零
dial,撥
Wu,烏
foreign,洋
Tang,唐
reduce,減
scene,景
bone,骨
Dong,棟
skillful,巧
fist,拳
help,助
weak,弱
shoulder,肩
Zong,宗
anti-,抗
gradually,漸
interest,趣
Penalty,罰
pit,坑
bucket,桶
beach,浜
firewood,薪
copper,銅
respect,敬
pot,壺
cough,咳
spot,斑
crab,蟹
pear,梨
cabinet,櫃
Xuan,軒
guy,奴
Dry,乾
Philosophy,哲
New,紐
string,弦
rainbow,虹
paint,漆
Observation,察
filial piety,孝
hook,鉤
punishment,刑
cylinder,筒
C,丙
ticket,券
Jian,堅
Charm,媚
Leopard,豹
kidney,腎
shelf,棚
Zhen,貞
fat,脂
Pattern,柄
clump,叢
curtain,簾
wing,翅
embankment,堤
yesterday,昨
Take,岳
shoes,靴
concubine,妾
twist,絞
Xuan,宣
Confusion,惑
elbow,肘
Diamond,菱
a moment,頃
bills,札
Ka,伽
spoon,匙
frog,蛙
wall,垣
brown,褐
hoe,鋤
Meal,膳
tumor,瘤
chick,雛
jacket,襖
sheath,鞘
threshold,檻
reed,葦
superior,上
moon,月
kind,種
who,誰
just,正
OK,行
live,活
Hundred,百
carry,提
Forest,林
sick,病
ticket,票
surface,表
flat,平
List,列
shadow,影
Second,秒
tune,調
slightly,略
river,川
Jay,傑
Ai,艾
waist,腰
Fee,料
Process,程
Standard,標
Needle,針
temple,廟
spring,泉
drum,鼓
lotus,蓮
mulberry,桑
Porridge,粥
crooked,歪
home,宅
territory,境
swell,腫
Loyalty,忠
Banquet,宴
inexpensive,廉
Lan,嵐
state,申
Spicy,辛
tripod,鼎
uncle,舅
Table,卓
axis,軸
Liao,遼
scratch,撓
cedar,杉
humble,拙
apricot,杏
bald,禿
scorpion,蠍
Unloading,卸
Written,撰
plunder,掠
dormitory,寮
inferior,劣
hoof,蹄
Sophora japonica,槐
Naka,仲
cocoon,繭
screen,篩
reef,礁
urn,甕
open,張
Light,光
chapter,章
bell,鐘
loose,松
Wolf,狼
Purple,紫
thunder,雷
chest,胸
box,箱
cake,餅
account,帳
entanglement,纏
disease,症
mother-in-law,姑
mouse,鼠
grain,糧
fortunate,幸
height,丈
Hong,鴻
Weng,翁
Cassia,桂
fox,狐
Peng,蓬
long ago,昔
whip,鞭
Storage,儲
town,町
deep,淵
vomit,嘔
Tip,梢
rut,轍
city,城
# 1000,# 1000
often,常
Tolerate,忍
Swallow,燕
bud,蕾
date,棗
scales,秤
soup,羹
evil,邪
seek,謀
edict,詔
Politics,政
Got it,了
yes,是
indivual,個
and,和
also,也
land,地
again,又
many,多
have to,得
think,想
Give,給
Pass,過
Even,更
Only,只
picture,像
like,如
hand,手
but,則
this,此
road,路
speak,講
each,各
ever,曾
elephant,象
drink,喝
Law,法
Right now,即
pole,極
Song,歌
liquor,酒
powerful,強
king,王
stick,貼
like,若
layer,層
Heavy,重
Affection,情
Body,身
class,級
language,語
rain,雨
fish,魚
100 million,億
Pen,筆
husband,夫
Dun,頓
share,股
Certainly,定
Bo,博
plum,李
grid,格
what,何
set,集
Urgent,急
stone,石
Blood,血
-bar,巴
cigarette,煙
Ni,尼
Post,帖
Skin,皮
I,俺
Type,型
break,破
combine,合
green,青
stay,呆
quantity,量
Beijing,京
Wave,波
wave,浪
collar,領
remove,除
Hall,堂
leaf,葉
hurt,傷
River,江
right,右
left,左
Comment,評
Separation,隔
Saint,聖
dance,舞
Tiger,虎
daughter,娘
rich,富
repair,補
palace,宮
sheep,羊
Bo,伯
hard,硬
book,冊
Guard,守
bamboo,竹
winter,冬
field,野
fold,折
Russian,俄
fruit,果
cold,涼
Thin,薄
end,終
Search,尋
phoenix,鳳
mother,母
forest,森
ear,耳
pot,鍋
Lang,郎
Grandpa,爺
father,父
fan,扇
drama,劇
cook,煮
prosper,興
Hu,胡
valley,谷
thick,粗
owe,欠
Journey,旅
bell,鈴
wife,嫁
young,仔
guide,導
Lu,魯
incline,斜
grain,粒
Bear,熊
fart,屁
mud,泥
younger brother,弟
error,誤
good,良
side,側
no,否
should,宜
load,荷
Paint,塗
minister,臣
beans,豆
mother-in-law,婆
flag,旗
fog,霧
distance,距
Death,亡
he,彼
robbery,劫
solitary,孤
Forehead,額
Wisteria,藤
child,童
Fang,坊
milk,乳
Sincerity,誠
red,赤
eagle,鷹
sequence,序
Ancestor,祖
Tianjin,津
deer,鹿
nuclear,核
Technique,技
coal,煤
evening,夕
shore,岸
nose,鼻
butterfly,蝶
naked,裸
Peng,鵬
liver,肝
disaster,禍
crane,鶴
cavity,腔
Lu,呂
pillow,枕
domain,域
hatred,仇
bow,弓
sleeve,袖
disaster,厄
reverse,逆
wing,翼
Xiang,祥
leather,革
sail,帆
pottery,陶
grave,墓
gallery,廊
tin,錫
Ping,坪
figure,姿
stomach,腹
Measures,策
Asahi,旭
burial,葬
whistle,笛
Hermitage,庵
funeral,喪
hill,丘
walking stick,杖
rare,稀
Congratulations,賀
Art,芸
Nu,努
bud,芽
nail,爪
sparrow,雀
shield,盾
moss,苔
Paulownia,桐
temple,祠
skin,肌
Chant,詠
Wu,伍
bee,蜂
saw,鋸
Yi,邑
Nong,儂
arrow,矢
Central,央
purpose,旨
Mao,卯
calyx,萼
desert,漠
nights,泊
Kudzu,葛
blade,刃
orange,橙
rudder,舵
charcoal,炭
ax,斧
snore,鼾
thread,緒
colt,駒
hat,笠
habit,癖
Tachibana,橘
scale,鱗
Ju,鞠
Lu,廬
inkstone,硯
witch,巫
forgive,諒
Crumbs,屑
Suppression,抑
mustard,芥
kettle,釜
vine,蔓
female,雌
mosquito,蚊
soul,魄
Hangzhou,杭
edge,稜
Yu,輿
Cattail,蒲
depression,窪
Beach,渚
pus,膿
Gatha,偈
prisoner,虜
Young,稚
blame,咎
arc,弧
start,開始
Open,打開
citizens,市民
joy,愉快
Opening,開口
master,大師
couple,夫婦
replace,代替
emotion,感慨
suffering,苦難
Steamed bun,饅頭
rich,富裕
South,南部
refugee,難民
Opening,開幕
head,頭部
Vomit,嘔吐
perspective,透視
Overlooking,俯瞰
hesitate,躊躇
undisciplined,散漫
gaffe,失態
means,手段
least,最少
wrist,手腕
guard,看守
temple,神殿
fast,快速
landscape,山水
open up,開拓
bowel movements,大便
Normal School,師範
decline,衰退
for a moment,一瞬
fortress,要塞
drain,排水
all,所有
Era,年代
concept,概念
thigh,大腿
repeatedly,再三
deploy,部署
term,用語
gentleman,紳士
element,要素
suggestion,提案
guard,守護
farmer,農夫
poisonous,有毒
boss,頭目
Jinshi,進士
concentration,濃度
waist,腰部
Triumph,凱歌
Autumn Water,秋水
Friendship,友愛
thug,暴徒
Water,出水
Scorching heat,酷暑
Induction,誘導
Scattered,四散
migrant,移民
anger,憤怒
rich,富有
Intentional,有意
comfortable,自在
lion,獅子
ambiguous,曖昧
Limbs,四肢
abdomen,腹部
Dedicated,投身
South,以南
Private Matters,私事
First Grade,一品
How many,多少
Spirit,精神
nationality,民族
Apply,申請
Exceed,超過
democracy,民主
Location,所在
loss,損失
Open the door,開門
Angel,天使
explore,探索
newborn,新生
tutor,導師
sleep,睡眠
Battery,電池
Judgment,審判
surveillance,監視
childish,幼稚
dream,夢幻
Offspring,後代
interface,界面
Accompaniment,伴奏
Listing,出品
category,範疇
back,背面
Yokai,妖怪
Inspection,巡視
People's Livelihood,民生
Thought,思潮
military,軍用
Manual,手動
guard,守衛
writing on the blackboard,板書
Mountain,山地
refresh,刷新
deep sea,深海
young people,後生
winter melon,冬瓜
projection,投射
calculation,算出
clan,氏族
Waterworks,水道
department,部門
manner,態度
farmers,農民
cadre,幹部
fail,失敗
thing,物品
use,運用
One,一身
folk,民間
agriculture,農業
capital,首都
profit,利潤
corruption,腐敗
bow your head,低頭
Gaze,注視
guide,指南
and even,乃至
Technique,手法
Public Security,治安
sacred,神聖
Unique,特有
life and death,生死
Field of view,視野
frequently,頻繁
ambassador,大使
After Death,死後
keep,保守
carriage,馬車
seawater,海水
Modern times,近代
Uncomfortable,不快
assistant,助手
external,外部
opinion,見解
appointment,任命
resettlement,安置
use,用途
pleasure,快感
massacre,屠殺
stand out,出頭
Gospel,福音
address,住所
speculation,投機
reflection,反射
cure,治癒
arrogant,傲慢
verse,詩句
air force,空軍
model,模範
warrior,武士
living,在世
support,擁護
guilty,有罪
senior officials,高官
depressed,苦悶
transport,運送
Utensils,用具
Ignore,無視
float,浮動
situation,態勢
scalp,頭皮
Rich and Poor,貧富
dominate,主宰
Shortsighted,近視
contempt,蔑視
Show starts,開演
water quality,水質
escort,護送
accusation,控訴
stone tablet,石碑
Military and Civilians,軍民
generation,世代
New,新式
good fortune,造化
branch,支部
shame,羞恥
Rooftop,天台
Offer,要約
mind,心神
fried rice,炒飯
Neglect,怠慢
Mentor,恩師
strafing,掃射
private school,私塾
water conservation,節水
Mansion,公館
South Bank,南岸
friend,朋友
use,使用
gentlemen,先生
harm,傷害
repeat,重複
moment,瞬間
Heart,心頭
weekly,週刊
transparent,透明
dynamic,動態
Director,所長
Innocent,天真
open,開設
Ecology,生態
water surface,水面
printing,印刷
Summary,概括
former,前者
bathroom,浴室
Identification,識別
tram,電車
try out,試用
teacher,教員
call,召喚
Overview,概況
Predecessor,前身
Idiomatic,慣用
freshwater,淡水
facing,直面
long,悠長
penetration,浸透
Tianshui,天水
meat,肉食
ulcer,潰瘍
clothing,衣服
part,部分
perhaps,大概
difficulty,困難
speed,速度
cute,可愛
great,偉大
skin,皮膚
breakthrough,突破
anxiety,不安
spoken language,口語
Earth,大地
negotiation,談判
instruct,指示
criticism,批判
Avenue,大道
security guard,保安
posture,姿勢
acting,代理
it works,有用
sigh,感嘆
simulation,模擬
disaster,災難
peace of mind,安心
Hainan,海南
Tofu,豆腐
grace,優雅
problem,難題
overcome,克服
brigade,大隊
Part,部位
Home,自家
knock down,打倒
disuse,淘汰
pay attention to,留意
ups and downs,起伏
knight,騎士
conceited,自負
peaceful,安寧
archeology,考古
flowering,開花
lethal,致死
Wealth,富貴
bathing,沐浴
public opinion,民意
feather,羽毛
widow,寡婦
Legacy,遺留
Poetry Collection,詩集
external,外在
housewife,主婦
South China Sea,南海
Library,書庫
Imprisonment,監禁
Unique,固有
motion,議案
approximate,近似
Trojans,木馬
End,到頭
paralysis,麻痺
right wing,右翼
evacuation,避難
Words,字句
Caress,愛撫
cause of death,死因
reign,在位
History books,史書
toxin,毒素
Homicide,他殺
Now,現在
time,時間
educate,教育
main,主要
technology,技術
know,認識
Others,人家
propose,提出
life,生命
Citation,引用
invest,投資
discuss,討論
modern,現代
think,思考
special,特殊
move,感動
equipment,設備
person,人士
family,家人
Pitiful,可憐
angle,角度
public,公開
grow up,長大
destiny,命運
quality,素質
door,大門
Advantages,優勢
crime,犯罪
set up,設置
girl,少女
military,軍事
Himself,自身
mystery,神秘
Hard,辛苦
poet,詩人
vision,眼光
citizen,公民
world,人間
approve,批准
Transformation,改造
guide,引導
alley,胡同
idea,念頭
gratitude,感激
obey,遵守
celebrity,名人
Include,包含
Birthplace,出身
genius,天才
procession,遊行
quit,退出
sight,視線
Exposure,暴露
Tongue,舌頭
the world,世人
Puzzled,困惑
apparel,服飾
extend,延伸
cautious,謹慎
Tianya,天涯
cell,細胞
coat,外套
personally,親身
level,水準
track,軌道
Aesthetics,審美
mission,使命
year,年頭
conspiracy,陰謀
leading,主導
idiot,白痴
radiation,輻射
manual,手工
season,時節
Back,後退
Taking,服用
series,叢書
Inspection,視察
Trial,審理
power failure,停電
saying,名言
harmful,有害
face,面部
sea ​​surface,海面
damage,損傷
infringement,侵害
beautiful woman,佳人
Municipal,市政
dissolution,解散
drink,飲用
face,正視
pneumonia,肺炎
Name,人名
deliberation,審議
nostril,鼻孔
forests,山林
bitter,辛酸
irradiation,照射
rebel,造反
contract,契約
Later generations,後世
density,密度
preference,嗜好
Oral,口述
liabilities,負債
Description,記述
Opening a store,開店
childhood,幼年
thorough,透徹
Move Forward,邁進
Dawn,天明
human life,人命
hypnosis,催眠
Monthly,月刊
Exam Preparation,備考
concentrate,濃縮
complete,完備
New Year,新春
Notes,手記
fishermen,漁民
painstaking efforts,苦心
motto,格言
wilderness,原野
treasures,珍品
arithmetic,算術
Surrender,自首
lethargy,昏睡
connector,接頭
Soul,魂魄
preferential treatment,優待
Mountain Gate,山門
grease,油脂
mountains and fields,山野
tyrant,暴君
sponge,海綿
transcendence,超越
Snow Mountain,雪山
statement,陳述
refreshing,爽快
length,長短
Going into the water,下水
scenic spots,名勝
need,需要
Tell,告訴
teacher,老師
don't want,不要
market,市場
generally,一般
Prepare,準備
reply,回復
include,包括
Notice,注意
people,人民
design,設計
exist,存在
represent,代表
Knowledge,知識
free,自由
mean,意思
era,時代
level,水平
programme,節目
period,期間
formal,正式
publishing,出版
reason,理由
rural areas,農村
respectively,分別
stage,階段
Highest,最高
attract,吸引
Buy,購買
mechanism,機構
the way,道路
civilization,文明
investment,投入
disappear,消失
once,一旦
at home,在家
tool,工具
guide,指導
population,人口
Nanjing,南京
food,食品
juvenile,少年
respect,尊重
adult,大人
near,接近
size,大小
Stone,石頭
profound,深刻
operate,操作
Pity,遺憾
high,高度
calculate,計算
India,印度
Operation,手術
others,他人
street,街道
regret,後悔
force,部隊
couple,夫妻
protrude,突出
Expand,展開
desire,願望
joke,笑話
conflict,衝突
fund,基金
Injuried,受傷
have,具備
spouse,愛人
director,主管
doctor,大夫
street,街頭
famous,有名
trend,趨勢
supplies,用品
outside the door,門外
ceremony,儀式
bless,祝福
Total,共有
generation,一代
idea,主意
oil,石油
secretary,秘書
Important,大事
drinks,飲料
diet,飲食
west,西部
Hobby,愛好
luxury,豪華
friendly,友好
through,透過
high speed,高速
exchange,交換
transportation,運輸
late night,深夜
myth,神話
miss,思念
contestants,選手
in the middle,途中
autonomy,自主
plateau,高原
deceased,死者
hint,暗示
noble,貴族
favorable,有利
bustling,繁華
name,名義
attitude,姿態
Careful,用心
magic,魔法
damage,損害
I'd love to,是非
dead,死人
extraction,抽出
crystal,水晶
Questions,出題
Welfare,福利
soft,柔軟
contain,含有
slow,緩慢
southwest,西南
Output,輸出
Subjects,科目
experience,見識
ingenuity,工夫
depth,深度
Late,後期
noble,高貴
Digestion,消化
Father and Son,父子
litigation,訴訟
Prince,太子
Wandering,徘徊
Fengyun,風雲
mobilization,動員
Post,投稿
gaze,凝視
happy,快活
index,索引
grand,盛大
halfway,中途
Join,加盟
coastal,海岸
navy,海軍
strong,濃厚
Race,種族
reactionary,反動
field,田野
organic,有機
priest,牧師
Literacy,識字
April,四月
Home appliances,家電
Run away,出走
Opening,開業
beneficial,有益
spread,蔓延
happy,欣喜
wealthy,富豪
official,公式
Explore,探究
elegant,高雅
Dissatisfied,不服
Head,人頭
imperial court,朝廷
Chaoyang,朝陽
popular,通俗
messenger,使者
tool,道具
paragraph,段落
endure,忍耐
Churn,流失
plaintiff,原告
In and Out,進出
Bright,明媚
Working,在職
extracurricular,課外
Ming Dynasty,明朝
escape,逃走
reproduction,再生
Folklore,民俗
priest,神父
Perspective,視角
field,野外
drinking,飲酒
murder,謀殺
rational,有理
Documents,文書
Overnight,連夜
spring,春季
deepen,深化
superior,優越
display,陳列
Civil,民事
shame,恥辱
Life and death,死活
evolution,進化
promulgation,頒布
wood,木材
Young,年少
surgical,外科
screen,銀幕
eyeball,眼球
draft,草案
warrior,勇士
outdoor,室外
giants,巨頭
Not guilty,無罪
moisture,水分
Member,社員
pillar,支柱
Sima,司馬
rough,粗暴
hero,好漢
the other side,彼岸
Lane,車道
selflessness,無私
Hollow,空洞
structure,構造
spring,泉水
Investment,出資
What,所為
Birth,出世
Avatar,化身
postscript,後記
sincere,真摯
flat,平坦
Holy Land,聖地
preparation,用意
vertical,垂直
buttocks,臀部
Lost,遺失
grim Reaper,死神
River Basin,流域
Introduction,概論
sad,憂愁
agitation,鼓動
Deep sleep,熟睡
Perception,感知
Water Conservancy,水利
Bloodline,血統
subordinate,部下
Taboo,禁忌
soybeans,大豆
sentimentality,感傷
terrain,地勢
situation,事態
Perfunctory,敷衍
Chronic,慢性
jet lag,時差
Headquarters,本部
black tea,紅茶
Kaifeng,開封
exaggerate,誇大
suicide note,遺書
Junior,師弟
Liquidation,清算
discharge,排出
honeymoon,蜜月
assassination,暗殺
set fire,放火
promising,有為
dying,臨死
Self-deprecation,自嘲
pointer,指針
Frustrated,失意
creeping,蠕動
midnight,夜半
High,高額
melodious,悠揚
distort,歪曲
Meaning,寓意
sincerity,誠心
back,背部
indignation,憤慨
Austerity,緊縮
Horseshoe,馬蹄
# 2000,# 2000
Material,材質
Ancient Trail,古道
applause,拍手
Mountains and Rivers,山河
boarding,寄宿
projection,投影
Conversion,換算
concise,簡明
Resemblance,酷似
ambition,抱負
Full amount,全額
love,慈愛
dense,濃密
free,遊離
long hair,長毛
Poetry,詩文
Degeneration,退化
Carpentry,木工
The night before,前夜
travel around,周遊
nomadic,遊牧
Outfit,行頭
mourning,哀悼
Drinking tea,飲茶
service,服役
Disadvantages,劣勢
Riverside,河畔
Patriarch,祖師
spirits,鬼神
disciple,門徒
waters,水域
housework,家事
nipple,乳頭
water level,水位
Trade-offs,取捨
amber,琥珀
flat,平板
vegetables,野菜
stone pillars,石柱
attempted,未遂
Through,貫通
Commercial,商用
Civil Affairs,民政
Private,私家
Narcissus,水仙
Hypertrophy,肥大
hospitalization,入院
fool,愚弄
Manuscript,原稿
Tenjin,天神
Omission,遺漏
special envoy,特使
ally,盟友
detention,拘禁
other people,別人
teacher,教師
use,採用
merchandise,商品
Business,商業
clear,明確
Excited,激動
youth,青春
sad,傷心
whole body,全身
Spring Festival,春節
In the eyes,眼中
financial,財政
place,場所
rule,統治
position,立場
Going out,外出
original,原始
Lecture,講座
parking,停車
Citywide,全市
unemployment,失業
volunteer,志願
written,書面
subordinates,手下
Activate,開通
trend,潮流
see a doctor,看病
During his lifetime,生前
invitation,招待
sweat,汗水
poor,下手
relatives and friends,親友
village head,村長
clear water,清水
rock,岩石
the day after tomorrow,後天
Chief,首長
teaching,教書
edible,食用
Constraints,制約
Daimyo,大名
poisoning,中毒
Fixes,修正
Chief,長官
Green Mountain,青山
social contact,社交
Hard work,心血
dispatch,出動
signature,署名
Head of State,元首
far-reaching,深遠
Title,書名
precious,貴重
Break-in,闖入
historical data,史料
implicit,含蓄
cold water,冷水
abyss,深淵
instructor,教官
marshal,元帥
Tang poetry,唐詩
repay,償還
fate,宿命
fault,過失
bamboo forest,竹林
Living Room,居室
water source,水源
petition,請願
Mountains,山脈
Founding,創刊
Success or failure,成敗
morbid,病態
farewell,送別
blindness,失明
trend,風潮
midsummer,盛夏
Paid,有償
Compilation,編成
firecrackers,爆竹
Disharmony,失調
Repair,修繕
discuss,商談
Recent Developments,近況
Astonishing,仰天
Release water,放水
Survivor,生還
prototype,雛形
Daily use,日用
Famous Mountains,名山
when,時候
world,世界
company,公司
Require,要求
Unknown,不知
real,真正
easy,容易
all,全部
Need not,不用
Keep,保持
Human,人類
structure,結構
Cheap,便宜
world,天下
take,採取
man,男子
secretary,書記
lady,夫人
move,移動
reason,道理
contradiction,矛盾
health,衛生
industry,工業
garden,花園
color,色彩
Chinese character,漢字
repeatedly,反復
ground,地面
Team members,隊員
forest,森林
villagers,村民
private,私人
Wuhan,武漢
prohibit,禁止
City,都市
ism,主義
sensitive,敏感
Reception,接待
Skill,技能
Thirteen,十三
family,家族
yesterday,昨日
Something,有事
Poetry,詩歌
poor,貧困
brave,勇敢
treatment,待遇
soldier,軍人
tall,高大
outstanding,出色
Advance,推進
premise,前提
violation,違反
master,老爺
finance,財務
climax,高潮
First-class,一流
Recognition,認定
beautiful,優美
powerful,有力
subtitle,字幕
grandson,孫子
once again,再度
color,彩色
manpower,人力
woman,婦人
expenditure,支出
General,通用
enthusiastic,熱心
prose,散文
Add to,添加
Hibiscus,芙蓉
accelerate,加速
civilian,平民
handshake,握手
Playing ball,打球
ignorance,無知
inconvenient,不便
escape,逃避
dumpling,餃子
running water,流水
Favorable,好感
cycle,循環
thinking,思索
consistent,一貫
Making friends,交友
cause and effect,因果
Products,製品
dispersion,分散
Governing,執政
Cognition,認知
southeast,東南
exchange,兌換
kill,殺害
electrical appliances,電器
remuneration,報酬
convenience,便利
communication,交際
river water,河水
east,東部
Stability,安定
personal,人身
trial,裁判
Queen,皇后
getting Started,入門
Change name,改名
superstitious,迷信
immediate,即時
organ,器官
gamble,賭博
scholar,秀才
nameless,無名
material,素材
Capture,捕捉
March,進軍
water flow,水流
Blood vessel,血管
descendants,子孫
North Sea,北海
weak,軟弱
Lady,淑女
Equal,同等
lasting,持久
index finger,食指
injection,注射
Modification,修飾
grave,墳墓
site,地盤
simple,簡易
useless,無用
retreat,撤退
Obtain,入手
Mountain village,山村
Literacy,素養
Unearthed,出土
Completion,完工
facial features,五官
platinum,白金
practice,作法
Vision,視界
deliver,交付
Surname,姓氏
small,細小
Demon King,魔王
arouse,喚起
Huge profits,暴利
rain,雨天
predecessor,前任
Interview,面談
Outdoors,屋外
wool,羊毛
morality,道義
militia,民兵
concurrently,兼任
stubborn,頑固
coral,珊瑚
goat,山羊
Speed,時速
On the other hand,反面
nap,午睡
ejection,射出
fossil,化石
Long-term,長年
Ancient Poetry,古詩
Special,特約
one by one,逐一
Discussion,座談
riot,暴動
adverb,副詞
ex-wife,前妻
grief and anger,悲憤
monarch,君主
Import,導入
Breach of Contract,違約
staple food,主食
Scheduling,調度
night market,夜市
grotto,石窟
weed,野草
warship,軍艦
library,文庫
Heavenly Principle,天理
Tone,音色
delivery,輸送
Threaten,揚言
lustful,好色
attention,注目
color,血色
aging,老化
care,看護
Combined,合算
Afterlife,後事
Lakeside,湖畔
Spring Rain,春雨
gloomy,陰鬱
Immortal,仙人
sinner,罪人
motor,電機
flaw,破綻
mountains and rivers,山川
Suffering,受難
Nanyang,南洋
Return,返還
Food and clothing,衣食
Sense of Language,語感
Simple,簡便
Momordica charantia,苦瓜
damaged,破損
saturation,飽和
marketplace,市井
canvas,帆布
ash,灰燼
house arrest,軟禁
pain,苦痛
Nearby,近郊
Brave,勇猛
underwater,水底
Your Highness,殿下
Tea Ceremony,茶道
Waterways,水路
Boredom,煩悶
Own,自己
Serve,服務
parents,父母
standard,標準
have,具有
architecture,建築
below,以下
classroom,教室
women,婦女
reduce,減少
Accident,意外
other than,以外
up and down,上下
Mention,提起
Vague,模糊
Level 1,一級
daily,日常
Qingdao,青島
sorrow,悲哀
career,生涯
will,意志
rule,規矩
opportunity,時機
proposal,提議
Melancholy,憂鬱
name,命名
staff,職員
raw material,原料
summer,夏季
Mountaintop,山頂
judgment,判決
tasty,美味
stop,制止
Credit,信用
implement,貫徹
grandfather,祖父
Central Plains,中原
abstract,抽象
shock,震動
careful,慎重
jump,跳躍
ethics,倫理
captain,船長
Superman,超人
autonomy,自治
bureaucracy,官僚
A generation,一世
Going south,南下
terminal,終端
new moon,新月
hold fast,堅守
worldly affairs,世事
leader,首領
lute,琵琶
Appreciation,鑑賞
Nanshan,南山
lipstick,口紅
origin,起因
rainy season,雨季
Reward,懸賞
brute,畜生
Notes,記事
White Water,白水
full length,全長
leisure,閑暇
Tasteless,無味
civil and military,文武
South China,華南
usually,大抵
texture,質感
Trends,推移
Inaction,無為
reduce,削減
Reproduction,生殖
Self-defense,自衛
arbitration,仲裁
Royal Family,皇室
The Great,大帝
Bloodline,血脈
Longevity,長生
child prodigy,神童
Trust,信託
downturn,低迷
water plants,水草
marijuana,大麻
Retro,復古
vibration,振動
anemia,貧血
Unexpectedly,不意
Fisheries,漁業
artery,動脈
elongation,伸長
Leap Forward,躍進
Exit,退場
Koharu,小春
Beijing,北京
Telephone,電話
culture,文化
special,特別
Research,研究
Someone,有人
manage,管理
Enter,進入
answer,回答
solve,解決
family,家庭
Finish,結束
Life,人生
use,利用
event,事件
recommend,推薦
effect,作用
persist in,堅持
Purpose,目的
electronic,電子
form,形式
space,空間
English,英文
theme,主題
revolution,革命
director,主任
action,動作
indeed,的確
unified,統一
President,主席
fast,迅速
PhD,博士
full text,全文
persecution,迫害
Peace,和平
behind,背後
weekend,週末
manufacture,製造
born,出生
red,紅色
fear,恐怖
Operation,作業
automatic,自動
topic,題目
garden,公園
stop,停止
area,面積
Half a year,半年
substance,物質
romantic,浪漫
get off,下車
specification,規範
world,天地
landscape,風景
suicide,自殺
Replenish,補充
distribute,分配
Investigation,考察
thing,事物
Glasses,眼鏡
male,男性
First-hand,一手
singer,歌手
books,書籍
whole body,渾身
army,軍隊
diplomatic,外交
kind,親切
Passion,熱愛
in front of the door,門前
set up,設立
protest,抗議
Attend,出席
famous,知名
Serial,連載
impulse,衝動
Sexy,性感
quality,品質
copy,複製
vote,投票
truth,真理
trace,痕跡
justice,正義
Liquor,白酒
make sure,確保
the latter,後者
telecommunications,電信
moonlight,月光
Friendship,友情
recently,近日
Explanation,交代
Idol,偶像
Starring,主演
Path,小路
style,風情
short term,短期
earthquake,地震
beef,牛肉
scenery,景色
original,原文
close,親密
Delegation,委託
forest,樹林
resistance,反抗
performance,性能
physiological,生理
not clear,不明
Performance,演奏
Model,模型
exclude,排除
Infringement,侵犯
Establish,樹立
shock,震撼
From,出自
distinct,鮮明
Responsibilities,職責
wry smile,苦笑
uniform,制服
seafood,海鮮
North and South,南北
sunrise,日出
laugh at,嘲笑
Gentleman,君子
motivation,動機
Landlord,地主
noble,高尚
Small,小型
adaptation,改編
outsider,外人
peace,平和
Spring and Autumn Period,春秋
form,形態
category,類別
overseas Chinese,華僑
constraint,約束
dynasty,王朝
bookshelf,書架
close,緊密
New,新型
set up,設定
blockade,封鎖
fatal,致命
Extra Large,特大
Zoom out,縮小
wonderful,奇妙
Taiping,太平
peninsula,半島
position,陣地
Minister,大臣
Triangle,三角
rice,米飯
slogan,標語
income,所得
refute,反駁
debt,債務
police officer,警官
Eyebrow,眉毛
yin and yang,陰陽
talent,天賦
flat,平面
Hopeful,有望
Charges,罪名
Careless,無心
friend,友人
Army,大軍
Jinshan,金山
Central,中部
dry,乾燥
wild,野生
nature,天性
schedule,進度
haggard,憔悴
source,根源
farmhouse,農家
Exclusion,排斥
parting,離別
thoughtful,周到
adult,成年
scholar,書生
Famous artists,名家
Reappearance,再現
saint,聖人
panic,恐慌
storage,保管
Newly married,新婚
Retrieval,挽回
Son of Heaven,天子
rescue,救援
Convention,公約
plum bossom,梅花
shape,外形
rear,後方
believer,信徒
Avant-garde,前衛
Secretary,幹事
Sensibility,感性
Ambition,野心
Previous life,前世
time,光陰
Off-campus,校外
suburbs,郊外
electric,電動
Repair,修好
immunity,免疫
wise,明智
Wandering,遊蕩
schedule,日程
voter,選民
Speed,車速
forgery,偽造
building materials,建材
astronomical,天文
oral cavity,口腔
sunny,晴天
lunch box,飯盒
Atrophy,萎縮
New version,新版
Encounter,邂逅
Islands,群島
snow,積雪
leap,飛躍
trauma,創傷
goldfish,金魚
Completion,竣工
run,奔走
Tai Chi,太極
livelihood,生計
cater,迎合
Predecessors,前人
limited,限定
Maneuver,機動
Paper,紙片
End,端的
sunlight,日光
fleet,艦隊
staggered,交錯
One-sided,片面
magic,魔術
fuel,燃油
sketch,素描
I agree,同感
Night view,夜景
believers,教徒
differentiation,分化
Multi-purpose,多用
short stature,矮小
case filing,立案
comfortable,安逸
Familiar,熟知
sea ​​of ​​people,人海
gap,間隙
sailboat,帆船
Construction,構築
interrogation,審問
oath,宣誓
cheers,乾杯
Astonished,愕然
crude,原油
All-round,全能
gap,空隙
Blue Sky,青天
pancakes,煎餅
doctrine,教義
Thunder,雷鳴
Comments,評議
Qingyun,青雲
meat,肉類
fish,魚肉
Intrusion,侵入
deviation,偏差
Visit,探訪
urgent,緊迫
Circumstances,境遇
Heart and Eyes,心眼
dolphin,海豚
deliberation,推敲
leave,別離
march,行軍
Civil Law,民法
Flat,扁平
scarf,頭巾
throat,咽喉
edema,浮腫
academy,書院
Direct vision,直視
literal,字面
Talent,天分
Accomplishments,造詣
officials,官吏
blood transfusion,輸血
coexist,共存
Authenticity,真偽
coating,塗料
precocious,早熟
wild,野性
fundus,眼底
Diligence,精進
Wavelet,小波
vegetable garden,菜園
Killing,殺生
Closing,閉幕
obscene,猥褻
inference,推論
Appointment,就任
Four Corners,四角
Ancestors,先人
eyesight,眼力
droop,下垂
anthology,文選
service,送達
Occlusion,閉塞
Casualties,死傷
left wing,左翼
injection,噴射
name,指名
fish,魚類
First Draft,初稿
Go out,出馬
parasitic,寄生
dense forest,密林
enlightenment,教化
Heavenly Way,天道
lead to,招致
Difficulties,苦衷
advance and retreat,進退
front,正面
team leader,隊長
Wound,傷口
clinical,臨床
illumination,照明
Everyone,大家
after,以後
must,必須
Sudden,突然
express,表示
supply,提供
support,支持
government,政府
On the body,身上
system,系統
affim,肯定
talent,才能
about,左右
Safety,安全
professor,教授
century,世紀
Habit,習慣
analyze,分析
beauty,美麗
significance,意義
reform,改革
Target,目標
No,不可
Report,報道
Protect,保護
Feeling,感受
bank,銀行
Location,位置
limited,有限
Material,材料
strangeness,奇怪
on site,現場
theory,理論
final,最終
lifetime,一生
show,演出
animal,動物
open,開放
create,創造
Adjustment,調整
reflect,反映
Answer,答案
disciple,弟子
Always,始終
need,必要
exit,出口
arrive,到達
field,領域
Pay attention to,重視
Sky,天空
Owner,主人
patient,病人
thorough,徹底
For a while,一時
abroad,海外
secret,秘密
Teaching Materials,教材
conform to,符合
statistics,統計
men and women,男女
expectations,期待
Consistency,一致
food,食物
Same,同一
confidence,信心
passion,激情
Promote,促進
arms,武器
Supervision,監督
integral,積分
Unparalleled,無比
China,中華
core,核心
case,案件
improve,改善
London,倫敦
hint,提示
command,指揮
scene,場面
balance,平衡
determination,決心
Business,商務
minister,部長
idea,理念
difference,差異
urgent,緊急
prison,監獄
universe,宇宙
One line,一行
obligation,義務
lesson,教訓
difference,差別
Record,記載
variety,品種
Stay,停留
communication,通信
index,指標
Prevent,阻止
attack,進攻
exaggerate,誇張
when,何時
fairy tale,童話
verb,動詞
flow,流動
progress,進展
Topic,課題
Years,年間
gourmet food,美食
ocean,海洋
Recognition,認可
squad leader,班長
grassland,草原
devil,鬼子
cold,寒冷
Loss,喪失
grassland,草地
shadow,陰影
inform,告知
art,美術
Top of head,頭頂
wind and rain,風雨
identification,特定
theme,題材
rape,強姦
gender,性別
put up,建造
sigh,嘆息
natural,天然
unfavorable,不利
Identification,鑑定
lifelong,終身
over,過度
companion,同伴
priority,優先
study,書房
save,節約
indirect,間接
Member of Parliament,議員
One Heart,一心
Performance,業績
Any,任意
log,日誌
careful,細心
Outstanding,傑出
Prosecution,起訴
blood,鮮血
workshop,車間
extend,延長
Sunday,週日
Avoid,回避
hansome,英俊
dream,夢見
Fall,瀑布
monster,怪物
resolution,決議
permanent,永久
Offstage,台下
commune,公社
Dislike,反感
surrender,投降
frustration,挫折
bothersome,迷惑
support,支援
flood,洪水
boss,上司
plains,平原
As one wishes,如意
telegraph,電報
Style,風采
starve,餓死
lifelong,終生
brilliance,光彩
Innocence,純真
Takayama,高山
disinfect,消毒
Specification,規格
horse riding,騎馬
fishing,釣魚
Discussion,論述
Chinese cabbage,白菜
local,局部
long,悠久
objection,異議
introspection,反省
Care,愛護
Equipment,配備
cold,冷淡
call,通話
Chest,胸部
heartache,心痛
Sketches,小品
Help,救命
Inclusion,納入
Select,選出
excellent,優良
concise,簡潔
weird,怪異
Fertility,生育
Tips,秘訣
reasoning,推理
Convention,慣例
dense,密集
Jurisdiction,管轄
chain,連鎖
subtle,微妙
humane,人道
Amendment,改正
in recent years,近年
face,面目
# 3000,# 3000
integrated,集成
Declaration,宣告
confidant,知己
California,加州
exercise,行使
chorus,合唱
On the water,水上
Tracks,曲目
The whole book,全書
jungle,叢林
captive,俘虜
Brother and sister,兄妹
cunning,狡猾
Hate,痛恨
resonance,共鳴
condolences,慰問
vision,視力
VIP,要人
Sun and Moon,日月
gold and silver,金銀
Cold,冷酷
fuel,燃料
artificial,人造
Seriously injured,重傷
outflow,湧出
Great Man,偉人
vase,花瓶
Anatomy,解剖
flash,閃光
bury,埋葬
feed,飼料
Quanzhou,泉州
Self-blame,自責
Inflow,流入
Main entrance,正門
Emperor,天皇
Village,村落
sea ​​breeze,海風
Enforcement,施行
offensive,攻勢
illegal,不法
public,公用
End of the year,年末
guests,賓客
bill,法案
banknotes,紙幣
Traits,特質
dagger,匕首
unreasonable,無理
mid-month,中旬
Writing style,文筆
inertia,慣性
Ejection,噴出
Gains and Losses,得失
Cast,出演
Deep,深層
disaster,災害
Pros and cons,利害
electrician,電工
scale,尺度
Fire prevention,防火
warlord,軍閥
loan,借款
company,連隊
fingerprint,指紋
Same name,同名
prototype,原型
cult,邪教
Victory or defeat,勝負
Sound quality,音質
judgement,判定
sea ​​areas,海域
shorthand,速記
term of office,任期
noon,正午
control,節制
Qualifications,資質
cherish,愛惜
phantom,幻影
Shared,共用
whirlwind,旋風
silver,白銀
Non-human,非人
brush,毛筆
radiation,放射
wooden,木製
shelter,庇護
reconcile,調和
wise,英明
wired,有線
White Jade,白玉
Must win,必勝
book review,書評
Dharma Protector,護法
wack,怪人
Equipment,器具
load,負荷
brand,烙印
tangible,有形
Falling into the water,落水
ceiling,天井
terminal stage,末期
Middle level,中層
Cleaning,清掃
forestry,林業
Current,電流
wilderness,荒野
alliance,同盟
pilot,試行
ecstasy,狂喜
Killing,殺戮
factor,因子
restraint,拘束
Pros and Cons,優劣
Bones and muscles,筋骨
suspicion,猜疑
Self-recognition,自認
Death,病死
Adventure,奇遇
premature death,夭折
Veins,脈絡
freeze to death,凍死
Line breaks,改行
doll,人形
Yearbook,年鑑
Triumph,凱旋
gossip,流言
Go to war,出征
queue,隊列
permanent,常駐
Spin,回旋
assimilation,同化
ancient books,古書
Handan,邯鄲
addition,追加
solution,溶液
Shangguan,上官
Qilin,麒麟
extroversion,外向
End of month,月末
powder,粉末
sincere,懇切
spoil,溺愛
illness,病魔
Annihilation,殲滅
early winter,初冬
Team,分隊
Romance,演義
electromagnetic,電磁
Way,方式
learn,了解
at present,目前
clear,明白
environment,環境
work,作品
Finish,完成
Construction,建設
center,中心
Heart,心中
Comrade,同志
nourish,培養
notify,通知
Sure,確定
master,掌握
treat,治療
in principle,原則
long,長期
creation,創作
Mature,成熟
Survive,生存
victory,勝利
constitute,構成
Entrepreneurship,創業
bookstore,書店
powerful,強大
bid farewell,告別
Dean,院長
kill,殺人
fantasy,幻想
recruitment,招聘
biology,生物
order,秩序
mayor,市長
merchant,商人
existing,現有
situation,局面
surface,表面
nature,本質
recall,回想
summary,摘要
wipe out,消滅
extreme,極端
postal,郵政
villain,小人
adjust,調節
conquer,征服
perfume,香水
Merchants,商家
characteristic,特性
loyalty,忠誠
Shop owner,店主
trademark,商標
Abuse,虐待
side,側面
tenacious,頑強
accurate,精確
control,管制
White people,白人
manpower,人手
President,社長
Confirmation,確信
Features,特長
heartfelt,衷心
marvel,驚嘆
lecturer,講師
East China Sea,東海
Center of Gravity,重心
embarrassed,狼狽
bonds,債券
Pure,清純
pure,純正
Run,狂奔
Business Opportunities,商機
Accompany,相伴
urination,小便
prevalence,盛行
tone,色調
north,北面
sunset,落日
Opening,開場
Delivery,配送
Fairy,妖精
Division Commander,師長
Balance,天平
orthodox,正統
bishop,主教
stiff,生硬
water proof,防水
Supremacy,至上
Reproduction,繁殖
constitutionalism,憲政
original work,原作
seal,印章
vacuum,真空
weak,弱小
Royal Family,王室
slow down,減速
Standing,佇立
Hit,命中
Famous City,名城
send troops,出兵
bow,船頭
Same day,同日
end,完結
normal,常態
create,創設
pour,傾注
Consider,斟酌
Quick,速成
brake,制動
childlike innocence,童心
concentric,同心
bed,河床
so,所以
cannot,不能
possible,可能
Japan,日本
English,英語
before,以前
organize,組織
responsibility,責任
before,面前
in the end,到底
psychology,心理
regardless,無論
youth,青年
Sunlight,陽光
Task,任務
only,唯一
still,依然
excellent,優秀
business,業務
land,土地
feature,特色
funds,資金
topic,話題
review,復習
conversation,談話
scale,規模
south,南方
Order,命令
Name,姓名
customer,顧客
lonely,寂寞
live,居住
Version,版本
confidence,自信
year,年度
encounter,遭遇
This article,本文
temporary,臨時
trust,信任
curious,好奇
author,筆者
season,季節
position,定位
relative,親戚
cultural relics,文物
Infect,感染
Member,委員
realm,境界
lure,誘惑
hotline,熱線
Configuration,配置
afterwards,事後
ending,結局
pain,疼痛
beautiful woman,美人
definition,定義
new year,新年
one time,一度
order,順序
Affairs,事務
judicial,司法
Man-made,人為
culprit,犯人
exception,例外
outside world,外界
satellite,衛星
belief,信念
Not easy,不易
First-line,一線
extreme,極度
mix,混合
harm,危害
trees,樹木
Outline,大綱
foreign investment,外資
tribe,部落
personnel,人事
Blind,盲目
Grape,葡萄
liberal arts,文科
spy,特務
Headache,頭痛
interpretation,演繹
dawn,黎明
aviation,航空
North,北部
at the moment,眼下
Sex,性愛
closeness,親近
opera,歌劇
supplies,物資
Most,大半
Show,披露
Analysis,解析
repair,修理
strange,奇特
Right,右派
prophecy,預言
repair,修復
Domination,支配
unknown,未知
Grand total,累計
audience,接見
Early stage,前期
cooking,料理
autumn,秋季
grade,品位
Decline,低下
New Year,元旦
generate,生成
Self-esteem,自尊
seabed,海底
martial arts,武術
Urge,催促
private,私立
justice,公道
novel,新奇
temple,寺院
confidential,機密
Green vegetables,青菜
injection,注入
mahjong,麻雀
friction,摩擦
inability,無能
Kaneko,金子
Your Majesty,陛下
electric wire,電線
official business,公務
brown,褐色
Seize,奪取
get lost,迷路
Relaxation,緩和
beauty,美貌
spark,火花
collection,採集
solidification,凝固
Lin Li,林立
rapid,急速
Umbrella,雨傘
deck,甲板
Noise,喧嘩
Year 1,元年
support,供養
Sanctions,制裁
canal,運河
Qingming Festival,清明
innate,先天
Good feeling,好意
note,音符
Retirement,退役
tombstone,墓碑
Acting,演技
prestige,威風
Stationery,文具
Unlucky,不順
subject,主語
Cultivation,栽培
Milky Way,銀河
Untitled,無題
in every possible way,百般
suspicion,疑心
postpone,延期
restaurant,酒家
Vigilance,警戒
guard,衛兵
Stay behind,留守
Reduction,減免
thunderstorm,雷雨
collapse,瓦解
music scene,歌壇
foreign affairs,外事
hepatitis,肝炎
Encyclopedia,百科
White cloth,白布
River bank,河岸
branches and leaves,枝葉
horsepower,馬力
whimper,嗚咽
Engineering,工科
Cultivation,耕耘
Mind,心性
new,新任
bass,低音
garlic,大蒜
Relics,遺物
Savage,野人
high tide,大潮
continuous,連綿
Incurable,不治
prestige,威信
benevolence and righteousness,仁義
Disciple,門人
flower bed,花壇
recapture,奪回
Thick,粗大
retreat,退路
coconut,椰子
lime,石灰
fraternity,博愛
useless,無益
Gift,恩賜
Confinement,禁錮
abrupt,唐突
public servant,公僕
exchange,互換
kimono,和服
Guard,護衛
pupil,瞳孔
blasting,爆破
isolated island,孤島
Flowers and trees,花木
Duty,本分
Remember,銘記
Rising Star,新星
Life,生活
Appear,出現
cause,造成
nervous,緊張
middle,中間
growing up,成長
disappointment,失望
administrative,行政
show,表明
shop,商店
get up,起床
in conclusion,結論
promise,承諾
the truth,真相
Applicable,適用
theater,劇場
Growth,生長
long,長久
common sense,常識
truth,真情
Smooth,流暢
hospital bed,病床
question,質問
Small amount,少量
correct,端正
Revitalization,振興
New Year,正月
Ships,船舶
mad Men,狂人
Masterpiece,名作
tyranny,暴政
cuff,袖口
Protestant,新教
emphasis,偏重
Direct,直通
burning,灼熱
Work,工作
at last,最後
Compare,比較
reporter,記者
pass,通過
author,作者
enterprise,企業
completely,完全
reason,原因
car,汽車
politics,政治
Basic,基本
love,愛情
get,獲得
forum,論壇
happiness,幸福
recently,最近
doorway,門口
join in,加入
mainland,大陸
marry,結婚
system,制度
action,行動
usually,普通
agree,同意
usually,平時
up to date,最新
mistake,錯誤
huge,巨大
In front of you,眼前
Chinese,漢語
comprehensive,全面
hero,英雄
paper,論文
White,白色
contract,合同
Wonderful,精彩
trade,交易
time,時刻
Expose,露出
advanced,先進
from now on,今後
marriage,婚姻
Large,大型
Skill,技巧
rule,規則
personality,個性
protocol,協議
machine,機器
Earth,地球
divorce,離婚
Classification,分類
patient,患者
first,最初
capital,資本
currency,貨幣
cash,現金
confirm,確認
run,運行
Lucky,幸運
unmanned,無人
situation,形勢
Aerial,空中
keep,保存
Good things,好事
warm,熱烈
accidental,偶然
train,列車
Some,若干
Processing,加工
Housing,住宅
Passengers,旅客
local,本地
Regulations,法規
human heart,人心
compensation,賠償
physics,物理
face,面子
tragedy,悲劇
noun,名詞
next door,隔壁
mainstream,主流
doubt,疑問
Death,死去
talk,談論
daily,日報
Heart,心底
Early,早期
talk,議論
Egypt,埃及
grey,灰色
Not connected,不通
punish,懲罰
initial,初期
hell,地獄
blood,血液
question,質疑
ponder,琢磨
Separation,分離
Newcomer,新人
seed,種子
White Cloud,白雲
arrest,逮捕
Phoenix,鳳凰
keyboard,鍵盤
Fusion,融合
hut,小屋
Fresh,清新
gorgeous,華麗
hazy,朦朧
element,元素
aggression,侵略
Consumption,消耗
congratulate,祝賀
Flavor,風味
In and out,出入
King,大王
the term,期限
Night,夜色
world,世間
death penalty,死刑
rainwater,雨水
usage,用法
farm,農場
Place names,地名
Fire,火災
storehouse,倉庫
sneer,冷笑
Birdie,小鳥
Proposition,命題
purpose,宗旨
clever,巧妙
accepted,公認
hobby,趣味
Glory,光輝
rescue,救助
power supply,電源
maintainance,保養
elderly,老年
alma mater,母校
public welfare,公益
custom,習俗
day and night,日夜
White,潔白
notice,通告
Real people,真人
Don't ask,不問
Change,更改
secular,世俗
fluctuation,波動
bondage,束縛
annual report,年報
convene,召集
revival,復興
King Kong,金剛
Required,必需
Just like,一如
Speechless,無言
rule of law,法治
Q&A,問答
resurrection,復活
commander,司令
speculation,推測
bus,客車
Hot Blood,熱血
confession,表白
extraordinary,非凡
current events,時事
joint venture,合資
Strange,奇異
transplant,移植
sports,競技
Elderly care,養老
Centaur,人馬
Acceptance,受理
boiling,沸騰
mercy,憐憫
Selected,入選
appeal,上訴
resentment,怨恨
force,逼迫
downstream,下流
surprise,驚異
kiss,接吻
termination,終止
Suspect,嫌疑
Invincible,無敵
Calories,熱量
Resolute,毅然
Red Leaves,紅葉
Elegant,典雅
migrate,遷移
Mo Da,莫大
sincerity,誠意
bacteria,細菌
spouse,配偶
Proposal,求婚
beautiful,秀麗
Drafting,起草
Composition,作曲
ventilation,通風
volcano,火山
Funny,風趣
interval,間隔
Geology,地質
islands,島嶼
omission,省略
stay,逗留
Classical Chinese,古文
accumulation,累積
literary world,文壇
Employment,就職
peony,牡丹
land,陸地
Dispatch,派遣
escape,逃亡
Protection,防護
cannon,大砲
Science and Engineering,理工
model,典範
Abandonment,遺棄
Antarctica,南極
army,陸軍
beautify,美化
nurturing,養育
tobacco,煙草
old,久遠
Original intention,本意
low,低廉
navigation,航海
garage,車庫
base,下地
Yamaguchi,山口
More than half,過半
seal,密封
Promise,許諾
Far and near,遠近
Utilitarian,功利
Hesitation,彷徨
school,流派
fan,扇子
Plants,草木
illiteracy,文盲
twilight,暮色
rest in peace,安息
Taoism,道教
remorse,悔恨
childbirth,分娩
Chinese,漢文
high notes,高音
Special Skills,特技
talented woman,才女
On the way,順路
Popular,風靡
glimpse,瞥見
poor,貧乏
excellent work,佳作
noble person,貴人
feast,酒席
Love,情愛
Late,下旬
traction,牽引
same day,即日
All night,徹夜
Edom,以東
gorgeous,絢爛
official documents,公文
Outdated,落伍
Venus,金星
function,機能
Take turns,輪番
High position,高位
eminent monk,高僧
South side,南側
metabolism,代謝
experienced,老練
banquet,宴席
precedent,先例
Resistance,耐性
Qianqiu,千秋
confession,自白
Excessive,過激
Confession,告白
Unfilial,不孝
fame,功名
cauldron,大鍋
sarcasm,皮肉
Ask Yourself,自問
How many,幾多
Reuse,重用
Gorgeous,華美
anus,肛門
Interaction,交互
Searching,物色
withdraw,撤回
particle,助詞
air defense,防空
worldly-wise,世故
clear,明晰
Upper left,左上
Wonderful Dharma,妙法
standard,本位
prison,牢獄
Oriental,東洋
assassin,刺客
write,執筆
Correction,矯正
question,問題
place,地方
important,重要
As,作為
Decide,決定
news,新聞
ability,能力
Thought,思想
project,項目
score,成績
emotion,感情
comminicate,交流
healthy,健康
form,形成
series,系列
husband,丈夫
course,課程
train,訓練
cause,事業
grateful,感謝
central,中央
Suitable,適合
excited,興奮
Pursue,追求
Production,製作
high school,高中
Consumption,消費
detailed,詳細
background,背景
character,性格
trading,貿易
emotion,情感
mutual,相互
Chinese,華人
average,平均
tidy,整理
Make,作出
Great Wall,長城
employment,就業
reserve,保留
aldult,成人
universal,普遍
type,類型
original,原本
charm,魅力
typical,典型
above,上述
hostel,旅館
exhibit,展示
molecular,分子
staff,職工
scene,情景
rise,上昇
unlimited,無限
Achievement,成就
fair,公平
Violence,暴力
go ahead,前進
Claim,主張
ask,請求
hat,帽子
era,紀元
Jianghu,江湖
designation,指定
peers,同行
Laozi,老子
warn,警告
excessive,過分
resemblance,相似
individual,個別
Common,常用
active,活躍
bright,光明
Position,職務
construction,施工
In a dream,夢中
Pursuit,追究
future,前途
Confuse,疑惑
Position,職位
dialect,方言
exquisite,精緻
goods,貨物
principle,原理
prospect,前景
Young Master,公子
Early this year,年初
distance,遠方
blank,空白
winter,冬季
northwest,西北
answer,解答
Release,解除
legal system,法制
Going down the mountain,下山
health care,保健
Space and Time,時空
Job hunting,求職
Integration,整合
Audio,音響
Time,時分
Featured,精選
regular,正規
compensate,補償
During the same period,同期
gold,金色
Artificial,人工
primary,初級
fulfill,履行
inhibition,抑制
middle East,中東
Anonymous,匿名
capacity,容量
Fault,故障
defendant,被告
wireless,無線
invisible,無形
same year,同年
Encyclopedia,大全
pavement,路面
romantic,風流
sky,上空
companion,伴侶
company,一連
High and Low,高低
Living together,同居
intervention,介入
Big Mouth,大口
tonight,今夜
Notice,通報
ocean,大洋
Take the lead,率先
January,一月
origin,起源
open air,露天
charitable,慈善
Intonation,語調
limit,限度
Candidate,人選
mark,標記
favors,人情
asphyxia,窒息
thoughts,感想
space,空地
End of term,期末
All four directions,四方
in force,現行
new,新興
instruction,指令
Benefit,受益
busy,繁忙
strong winds,大風
Practice,修行
synthesis,合成
masterpiece,大作
custom,風俗
Pass,通行
discomfort,不適
repent,懺悔
proportion,比重
Unfair,不平
outflow,流出
bona fide,善意
proficient,精通
Night Sky,夜空
giant,巨人
Low-key,低調
except,除外
balanced,均衡
break down,分解
education,教養
syllable,音節
unmarried,未婚
industry,業界
Peacock,孔雀
clerk,店員
palace,宮廷
drift,漂泊
magic,魔力
# 4000,# 4000
isolated,孤立
openly,公然
He Fang,何方
Trail,小道
Highlands,高地
city ​​gate,城門
allergy,過敏
Passing away,逝去
masterpiece,傑作
silver,銀色
drifting,漂流
King of Heaven,天王
Style,風貌
form,結成
wave,波浪
fracture,骨折
maze,迷宮
Scenery,光景
Extreme,至極
serial,連環
Palace,殿堂
knowledge,見聞
volume,音量
trend,動向
specimen,標本
The Big Picture,大局
assault,暴行
advice,忠告
protein,蛋白
Garden,園地
end,末日
Flood,大水
Sturdy,堅固
reserved,矜持
slide,滑落
Character,品格
Flying Bird,飛鳥
Moderation,適度
rescue,救出
pocket knife,小刀
recall,追憶
Property,物件
Prevention,防備
Conception,構想
container,容器
cancel,中止
below zero,零下
New recruits,新兵
Handouts,講義
Firepower,火力
Innocence,純情
Essentials,要領
Grand Duke,大公
public funds,公費
advance,事前
Conservation,保全
Segmentation,細分
flesh and blood,骨肉
Wutong,梧桐
Extreme,極致
Dust,風塵
tone,調子
lower abdomen,小腹
Notice,告示
Anthology,選集
bud,萌芽
flaunt,標榜
good,上手
radical cure,根治
early month,上旬
Kyushu,九州
windmill,風車
merger,兼併
Jasmine,茉莉
Resignation,離職
Rest,休養
tone,音調
plaster,石膏
keynote,基調
Public Notice,公示
wallpaper,壁紙
gap,落差
precision,精密
Insight,悟性
great cause,大業
List,羅列
limbs,手足
Plastic surgery,整形
Compilation,編纂
Ruling,裁定
conditioning,調理
boy,童子
break,決裂
Color,花色
basin,盆地
crop,作物
Disrespect,不敬
early summer,初夏
monk,僧侶
ex-husband,前夫
military police,憲兵
Achievements,功績
Early years,初年
tailwind,順風
filial son,孝子
cloth bag,布袋
paranoia,偏執
conduct,品行
the next day,翌日
sect,教派
Separation of the Family,分家
Special Mission,特派
pathology,病理
convalescence,療養
public office,公職
nourish,滋養
thing,東西
conduct,進行
at the same time,同時
Comment,評論
aspect,方面
Influence,影響
success,成功
material,資料
Feeling,心情
figure,人物
resource,資源
project,工程
degree,程度
transportation,交通
Phenomenon,現象
impression,印象
Smile,微笑
Profession,職業
admit,承認
convenient,方便
die,死亡
generally,通常
implement,執行
member,成員
rest assured,放心
renew,更新
major,重大
journal,日記
meaning,意味
Speech,講話
chair,椅子
on the head,頭上
composition,作文
finance,金融
successively,先後
Sing,唱歌
Various,多種
Essence,精華
fierce,激烈
Before and After,前後
on the contrary,相反
describe,形容
connect,連接
crisis,危機
middle aged,中年
power,動力
plant,植物
nature,性質
together,一同
on the other hand,一方
power,勢力
pedestrian,行人
notes,筆記
flight,飛行
Respect,尊敬
Yangtze,長江
Achievement,達成
just,公正
ordinary,平凡
Creativity,創意
strengthen,強化
circulation,流通
pencil,鉛筆
light rain,小雨
light,光線
maritime,海上
Fragile,脆弱
Confused,糊塗
Split,分裂
beauty,美容
style,作風
poverty,貧窮
singing,歌唱
clean,清潔
resistance,抵抗
constellation,星座
Complete Works,全集
Advent,降臨
medium,中等
main force,主力
above,上方
March,三月
Yes or No,有無
Purple,紫色
adequate,充足
Authentic,正宗
bleed,流血
training,修養
mid-term,中期
Appearance,出場
Mountain climbing,登山
Ordinary,尋常
Afternoon,午後
establish,確立
Mid-Autumn Festival,中秋
Functions,職能
release,放出
compromise,妥協
similar,同類
pen name,筆名
palace,宮殿
Western,西洋
excellence,卓越
aggravated,加重
Good reviews,好評
tortuous,曲折
moderately prosperous,小康
this life,今生
Events,行事
elders,長老
strength,強度
weak,微弱
place,放置
grief,悲痛
unprecedented,空前
wheel,車輪
decline,下落
words and deeds,言行
tilt,傾斜
meteor,流星
March,行進
exuberant,旺盛
agile,敏捷
Duke,公爵
hostage,人質
Selected,選定
lucky,僥倖
reconnaissance,偵察
clear,明朗
pope,教皇
Doujin,同人
homosexual,同性
Older,年長
Facilitation,促成
Our Lady,聖母
sequence,序列
defamation,誹謗
yield,屈服
Improvements,改良
Admission,入場
financial resources,財力
Free of charge,無償
grass,青草
Prince,親王
dying,臨終
judge,評判
blind,盲人
low,低落
Destruction,破滅
eldest son,長子
Opportunity,契機
Government Affairs,政務
Senior citizens,長者
Prime Minister,宰相
Global,全局
style,格調
bat,蝙蝠
glance,一瞥
atom,原子
panoramic,全景
cave,洞穴
Serious illness,重病
sexually transmitted diseases,性病
ZTE,中興
secretion,分泌
heating,加熱
Begonia,海棠
Supervision,監察
innovation,革新
fishing boat,漁船
small,微小
branch campus,分校
tune,曲調
resection,切除
West,以西
New home,新居
middle class,中流
Masturbation,自慰
vague,漠然
written,成文
situation,情勢
Lieutenant,中尉
veto,否決
spasms,痙攣
Seasoning,調味
birds,鳥類
DC,直流
daytime,白日
freezing,冷凍
defensive,防衛
gun smoke,硝煙
Exemption,免除
Real name,本名
public,公立
Positive,陽性
end,末尾
politics,政界
flesh,血肉
Sections,小節
Bones,白骨
Mantra,真言
reveal,吐露
bathing area,浴場
sharp weapon,利器
suspected,疑似
Laughter,哄笑
expedition,遠征
Very,非常
article,文章
direct,直接
Performance,表現
on the ground,地上
Large quantities,大量
Establishment,成立
Parents,家長
correct,正確
enthusiasm,熱情
headmaster,校長
canteen,食堂
inevitable,必然
emperor,皇帝
Director,局長
usually,平常
liberation,解放
Always,一向
Belief,信仰
coach,教練
prevent,防止
Birth,誕生
journey,行程
vitality,活力
Agreement,約定
force,強迫
Cultivation,養成
skilled,熟練
type,種類
breast,乳房
policy,方針
feudal,封建
electricity,電力
curve,曲線
Team Leader,組長
Fat,脂肪
Orientation,指向
pioneer,先鋒
Yearning,憧憬
violent,猛烈
Mood,心境
bridegroom,新郎
agreement,協定
Rectification,整頓
repercussions,反響
starry sky,星空
on-line,線上
Dharma,正法
alarm,警報
sexual intercourse,性交
Honesty,正直
liquid crystal,液晶
All day,終日
parallel,並列
Recognition,表彰
believe,信奉
Charge,充電
scenery,景物
come down,墜落
snails,蝸牛
years,年月
Farming,養殖
tailor,裁縫
Front,前列
Founder,方正
neutral,中性
middle finger,中指
delicate,精巧
chest,胸中
The day before,前日
dumping,傾倒
freeze,凍結
output,出力
Condensation,凝結
disease,病症
Intention,志向
Chief,酋長
Azure Dragon,青龍
Culture and Education,文教
race,人種
Target,標的
sister-in-law,小姑
mooring,停泊
Determination,測定
upright,直立
Upper limit,上限
Loneliness,寂寥
Hero,豪傑
Medium,中型
setting sun,斜陽
past,過去
everything,一切
how,如何
police,警察
wife,妻子
period,時期
memory,記憶
enjoy,享受
public,公共
Benefit,利益
status,地位
deliberately,故意
maintain,維持
base,基地
Proportion,比例
enter,輸入
common people,百姓
Miracle,奇跡
geography,地理
mechanical,機械
taste,滋味
create,創建
announcement,公告
conscience,良心
innocent,無辜
Full Strength,全力
reveal,流露
all walks of life,各界
Demonstrations,示威
Self-service,自助
Encourage,鼓舞
mercy,慈悲
straight line,直線
At your own expense,自費
Founding,創立
chrysanthemum,菊花
Subsidy,補助
End,終結
Statement,語句
borrow,借用
self made,自制
Your Mightiness,閣下
Previous year,前年
director,理事
Destruction,滅亡
remains,遺跡
issue,議題
Cross,十字
respite,喘息
Honey,蜂蜜
Who,何人
hostility,敵意
neutral,中立
penalty,刑罰
benefactor,恩人
Detailed explanation,詳解
whistle,汽笛
quality,質量
matrix,行列
bee,蜜蜂
completion,落成
must,一定
woman,女人
Unable,無法
fundamental,根本
understand,理解
Report,報告
rest,休息
Women,女子
self,自我
I,本人
style,風格
Everyone,各位
similar,類似
insufficient,不足
Glass,玻璃
grammar,語法
grasp,把握
breathe,呼吸
legitimate,合法
Passed,合格
letter,字母
speech,言語
license,許可
review,回顧
class,階級
universal,普及
instinct,本能
heavy rain,大雨
Large,大幅
insult,侮辱
comedy,喜劇
gossip,八卦
Foam,泡沫
opposite sex,異性
transition,過渡
soil,泥土
One,一味
children,子弟
Queen,女王
region,地域
not at all,全然
One or Two,一二
Self-study,自習
medium,媒介
song and dance,歌舞
spider,蜘蛛
Trajectory,軌跡
Taiga,大河
endlessly,不休
respect,敬意
Ancient and Modern,古今
shrine,神社
Timely,適時
Case studies,事例
reconciliation,和解
urge,督促
Tutoring,補習
Shooter,射手
dance music,舞曲
Problem Solving,解題
immortal,不朽
chaos,混沌
Along the route,沿線
suspense,懸念
succeed,得手
immediately,即刻
deficit,赤字
franchise,特許
colloquialisms,俗語
Swallow,嚥下
subordinates,下級
Daily life,起居
draft,草稿
handwriting,筆跡
gratitude,謝意
landmines,地雷
syntax,句法
unyielding,不屈
maid,侍女
dismount,下馬
Civil Engineering,土木
Inhalation,吸入
personal,個人
result,結果
story,故事
Hongkong,香港
forever,永遠
Regulation,規定
information,消息
character,文字
Base,基礎
common,共同
Beauty,美女
distance,距離
All the way,一路
writer,作家
most,最多
advanced,高級
criticize,批評
husband,老公
Reasonable,合理
respective,各自
song,歌曲
blue,藍色
Stimulate,刺激
accident,事故
good at,得意
child,子女
combination,組合
reason,理性
Humanities,人文
occasion,場合
typical,地道
deny,否認
lyrics,歌詞
Illegal,違法
consultant,顧問
fall,落下
square meters,平米
wandering,流浪
Regular,定期
Generous,大方
Light,光芒
Girl,女郎
legislation,立法
gather,集合
literati,文人
Experience,心得
front,前線
isolation,隔離
gesture,手勢
local,本土
declaration,宣言
detention,拘留
Interest,利息
Great Fire,大火
suitable,適宜
truck,貨車
mother and child,母子
supply,供給
cemetery,墓地
bias,偏見
fine,精細
Can,可否
weak,薄弱
in previous years,往年
cavalry,騎兵
humiliation,屈辱
glyphs,字形
ladder,梯子
weapons,兵器
Independence,自立
roar,咆哮
Low-level,低級
chew,咀嚼
flat land,平地
bribe,賄賂
Japanese style,和風
North,以北
source,源泉
Preface,前言
fruit trees,果樹
Qualitative,定性
sperm,精子
deep mountains,深山
Royal Palace,王宮
wildflowers,野花
Residence,居留
particle,粒子
Left,左派
particles,顆粒
stand up,起立
Special,特級
established,既定
Comfort,心地
leather,皮革
theorem,定理
Jurisprudence,法理
Recruitment,募集
difference,差額
Assembly,集結
Stand tall,屹立
Habits,習性
magnetic,磁性
supply,補給
abjection,落魄
error,誤差
Ascend to the throne,即位
Communiqué,公報
throne,王位
Technique,技法
First Aid,救護
star anise,八角
matter,事情
personnel,人員
very,十分
This year,今年
effort,努力
Behavior,行為
cooperate,合作
last year,去年
Get,取得
woman,女性
East,東方
various places,各地
star,明星
fixed,固定
Unlucky,不幸
Formulate,制定
decline,下降
disease,疾病
pity,同情
Strategy,策略
prince,王子
Toy,玩具
Speech,言論
compatriots,同胞
weakness,無力
miss,想念
personality,人格
senior management,高層
ruthless,無情
peak,高峰
assistance,援助
the ancients,古人
indefinite,不定
May,五月
Past,昔日
misunderstanding,誤解
soft,柔和
tomorrow,明日
therapy,療法
ancestor,祖先
criminal,刑事
sound,健全
goddess,女神
higher,高等
Sublime,崇高
trance,恍惚
Everyone,各人
power,威力
Collected Works,文集
logistics,物流
French,法文
First class,一等
Fun,情趣
little girl,小女
now,現今
Walker,行者
count,伯爵
force,武力
terrain,地形
tough,強硬
exercise,演習
tolerate,包容
Footprints,足跡
lattice,格子
flow,流量
Audio and Video,音像
appearance,容貌
Unity,合一
juice,果汁
rural,田園
intention,意向
accumulation,堆積
fart,放屁
raging fire,烈火
timing,定時
mortal,凡人
harmony,和睦
rage,激怒
Full range,全線
public,公家
thorns,荊棘
sowing,播種
deceased,故人
blue,青色
grammar,文法
Overweight,過重
North side,北側
Passionate,激昂
mosquito net,蚊帳
permanent residence,常住
autumn rain,秋雨
Abbot,方丈
Five Colors,五色
self-sufficiency,自得
airstrike,空襲
adversity,逆境
Old man,老翁
beat,拍子
hope,希望
Various,各種
clear,清楚
End,以上
think,想到
immediately,馬上
think,想起
Establish,建立
On the road,路上
strength,力量
after all,畢竟
give up,放棄
ideal,理想
mood,情緒
concentrated,集中
Combine,結合
access,訪問
Popularity,流行
practise,練習
dream,夢想
composition,組成
trip,旅行
route,路線
abnormal,異常
Registration,登記
Surprised,吃驚
equality,平等
Tokyo,東京
line,線路
intelligence,情報
classical,古典
constitution,憲法
tendency,傾向
denial,否定
ahead,前方
Performed,上演
confused,茫然
mountain road,山路
image,影像
Dongfeng,東風
endless,無窮
nature,本性
territory,領土
Broadcast,放映
Same as above,同上
negative,消極
Uterus,子宮
Financing,融資
February,二月
emperor,帝王
Leading,先行
below,下方
upper layer,上層
Corporation,法人
General Manager,常務
position,方位
Kyoto,京都
Split,分割
Speech,講演
Multiple,多重
Existing,現存
parallel,平行
West side,西側
Impermanence,無常
square,平方
arable land,耕地
Republic,共和
consternation,驚愕
crystallization,結晶
acute,急性
prosperous,興隆
crew,船員
correct,更正
Before marriage,婚前
portrait,肖像
cricket,蟋蟀
unrestrained,奔放
Health Preservation,養生
rib cage,肋骨
ivory,象牙
pursue,奉行
princess,王妃
sentiment,情操
parallel,並行
bronze statue,銅像
capital,都城
hills,丘陵
tomb,陵墓
this morning,今朝
bulge,隆起
Supreme,無上
Indulge,放任
peers,同級
humble,謙遜
Thoracic cavity,胸腔
process,過程
policy,政策
interest,興趣
Image,形象
The west,西方
expression,表情
good,良好
northeast,東北
waste,浪費
Results,成果
coordination,協調
left hand,左手
bad,不良
Come forward,上前
pale,蒼白
superior,上級
Definitely,必定
weekdays,平日
fragrance,香味
class,階層
Ordinary people,常人
fly,飛翔
Fire Fighting,消防
ability,本領
matter,事項
legal,法定
Top,頂上
limit,極限
Mars,火星
intermediate,中級
Mood,情調
bridge,橋梁
auspicious,吉祥
Release,上映
situation,境地
desolate,荒涼
overlooking,眺望
Superstar,巨星
rupture,破裂
Outlook,展望
pasture,牧場
assessment,評定
East side,東側
respect,崇敬
Lower level,下層
Bias,偏向
territory,領地
decree,法令
Consul,領事
spices,香料
Infinite,無量
Representation,表象
karate,空手
Square,方形
Dapeng,大鵬
normal,正常
emphasize,強調
religion,宗教
energy,精力
reluctantly,勉強
weight,重量
court,球場
journey,旅程
cool,清涼
Quantity,分量
troops,兵力
Palm,手心
Go north,北上
Upstream,上流
benign,良性
Quantitative,定量
capacity for liquor,酒量
Measurement,計量
Great Powers,列強
Kind,善良
mandatory,強制
tension,張力
strong,強烈
appropriate amount,適量
method,方法
positive,積極
each,各個
today,今日
north,北方
grade,等級
right hand,右手
excessive,過多
imagine,想像
up,向上
force,強行
sincere,真心
Try your best,極力
Wang Family,王家
Thank you,多謝
Measurement,測量
grandmother,祖母
Newbie,新手
Left side,左側
right side,右側
native language,母語
Debut,登場
Play,上場
Removal,除去
law,法則
Oji,大路
superior,上等
Sailing,航行
eggplant,茄子
Strong,強力
Delusion,妄想
aromatic,芳香
impromptu,即興
Parent-child,親子
Mutual Aid,互助
pawpaw,木瓜
Arctic,北極
screen,屏風
orange color,橙色
Program,綱領
Combined Force,合力
spread,波及
debauchery,放蕩
uncle,叔父
Generally speaking,大凡
part,一部分 岸
electromagnetic,電磁
blood sugar,血糖
ginkgo,銀杏
Intensification,激化
Surface,地表
blister,水泡
almond,杏仁
Job openings,求人
ferry,渡船
Optional,自選
tributary,支流
stick,棍棒
lengthy,冗長
Courtship,求愛
# 5000,# 5000
spiral,螺旋
epidemic prevention,防疫
forging,鍛造
Interview,取材
venomous snake,毒蛇
inflammation,炎症
Asahi,朝日
paper bag,紙袋
South End,南端
private,私有
Arts and Sciences,文理
Genuine Leather,真皮
semen,精液
farming,耕作
The Golden Mean,中庸
Prajna,般若
fertilizer,肥料
God,神明
nebula,星雲
Store Manager,店長
Self-interest,私利
Left Bank,左岸
Grounding,接地
jade,玉石
Fertilization,施肥
French,法式
constipate,便秘
Zhongtian,中天
Arrangement,編曲
valve,閥
rapids,激流
Prelude,前奏
statues,神像
Ambitious,有志
camellia,椿
right way,正道
Seri,芹
gut,腑
alienation,異化
grand occasion,盛況
colored,有色
prisoner,囚徒
Aya,綾
remove,掃除
In recent days,連日
metallurgy,冶金
bait,餌
weak,衰弱
mercury,水銀
vaccination,接種
Atonement,贖罪
ears and eyes,耳目
Encourage,助長
monasticism,修道
Crusade,討伐
Charter,憲章
Benchmark,基準
power ups,通電
Shepherding,牧羊
Heavenly Man,天人
grave,墓穴
fertile,肥沃
adjutant,副官
military adviser,軍師
Commander-in-Chief,統帥
spicy,辛辣
pregnancy,妊娠
feast,筵
nominal,名目
destiny,天命
recall,罷免
Poverty,清貧
Allure,傾城
flaw,瑕疵
Yin,胤
Forming,成形
Gold and Jade,金玉
bark,樹皮
toilet paper,手紙
put out,撲滅
Prototype,原形
Dantian,丹田
Good ideas,高見
Masking,遮蔽
rough,粗野
Songjiang,松江
fellow,同道
Signature,落款
Chamber of Secrets,密室
appoint,委任
contain,牽制
altar,祭壇
Danqing,丹青
young girl,幼女
Disposal,始末
Lift,昇降
ingot,錠
cast aside,唾棄
chastity,貞操
Motivation,意欲
Aquatic,水生
Spring,春色
backward,後進
Insights,洞察
Dissolve,溶解
Minister,公使
Half Life,半生
politics and religion,政教
Gradual,漸進
financial resources,財源
breast milk,母乳
to be decided,未定
important town,重鎮
hibernation,冬眠
Postscript,跋
water droplets,水滴
send,送信
fly,蠅
Merlin,梅林
grazing,放牧
Top,上部
treasure,珍重
Holdings,保有
exile,放逐
Most,大部
Eight directions,八方
fabrication,捏造
equatorial,赤道
branch line,支線
whale,鯨
geothermal,地熱
Flag,幡
Vision,遠景
Heroes,群雄
meat slices,肉片
fabrication,杜撰
righteousness,大義
quarrel,口角
gout,痛風
Fisherman,漁夫
dead body,死屍
Far View,遠望
Alas,嗚呼
despicable,卑劣
axiom,公理
puppet,傀儡
gravitational,引力
flagship,旗艦
Solo Exhibition,個展
stubborn,執拗
Pottery,陶器
Night train,夜行
buffalo,水牛
time limit,時限
Performance,公演
Mochizuki,望月
colorless,無色
Title,題名
Compulsory,必修
Changing clothes,更衣
Request,懇請
early spring,早春
Cultivation,涵養
Unsuccessful,落選
stone statue,石像
eaves,庇
foot of the mountain,麓
Swire,太古
ophthalmology,眼科
dereliction of duty,失職
Determination,決意
Dosage,用量
naked eye,肉眼
handsome,俊秀
Land,地頭
meaning,含意
code,法典
In-car,車載
ditty,小曲
reprint,再版
inscription,碑文
lighting,採光
Business owners,業者
out of fashion,不興
magpie,鵲
Replacement,置換
wounded,負傷
philosopher,哲人
Client,施主
middle section,中段
High Profile,高調
Moonlit Night,月夜
Famous Quotes,名句
quota,定額
Sheng,笙
Standard,王道
scenery,風物
Eastern Expedition,東征
magnetic field,磁場
discerning eye,慧眼
thick fog,濃霧
Homophone,同音
residence,居所
Ancestor,始祖
trauma,外傷
Owl,梟
baron,男爵
Hold on,固守
sulfuric acid,硫酸
Prime Minister's Office,官邸
thistle,薊
Sorrow,悲愴
family business,家業
Decline,減退
Hostility,敵視
comet,彗星
activity,活性
Acquisition,習得
Summer vacation,避暑
Opening a mountain,開山
laity,俗人
dark and quiet,杳
Accessibility,通達
moth,蛾
buffer,緩衝
Famous Songs,名曲
muddy water,泥水
trimming,修整
Walking,行路
Maintenance,養護
Elegance,風雅
slice,切片
Academic Affairs,教務
Current situation,時局
capture,捕獲
bottom of the pot,鍋底
pigment,色素
Shoot,射殺
aisle,通路
mature,老成
turbid,混濁
Swamp,沼
speaker,議長
Housekeeping,家政
sewing,縫製
Training,調教
melancholy,哀愁
Rise up,奮起
Present world,現世
Face reading,面相
hairpin,簪
Long-term,長足
Throw,投擲
steel plate,鋼板
Sky,蒼穹
motto,箴言
Taibai,太白
Last words,遺言
technician,技師
mating,交配
Negative,陰性
Lament,慨嘆
wasteland,荒地
excretion,排泄
elevated,高架
reduce,縮減
trunk,主幹
Strength,強弱
backbone,中堅
harmless,無害
overture,序曲
north latitude,北緯
crossbow,弩
Whisper,私語
Fortitude,剛毅
Detoxification,解毒
Trunk Line,幹線
Suture,縫合
Quest,探求
fence,籬
wind power,風力
Argument,論調
Morning and evening,朝夕
Brushwork,筆法
wind direction,風向
pillars,棟梁
Incorporation,編入
Whiteheads,白頭
embryo,胚
usually,平素
protrusion,突起
Deadweight,自重
Overall,全貌
Flowers and Birds,花鳥
Hunger,空腹
Residence,邸
Main family,本家
White Tiger,白虎
light source,光源
Payment,給付
depend on,次第
potato,芋
Derivation,派生
radio waves,電波
Utilization,活用
natural disasters,天災
saliva,唾液
Scarlet,緋
political situation,政局
New Testament,新約
Electric Light,電光
exquisite,精妙
official position,官職
fantasy,空想
Public and Private,公私
throne,王座
Idle,閑散
Cashier,出納
Flow,奔流
masterpiece,力作
outside,外側
surface layer,表層
rigidity,拘泥
throat,喉頭
disaster,災禍
fine,細密
original meaning,本義
copper plate,銅板
currency,通貨
testis,睾丸
execution ground,刑場
Ocean,遠洋
Ink Painting,水墨
oilfield,油田
anchor,錨
Insight,見地
Pictographic,象形
Deputy Minister,次長
affirmative,正方
Tanabata,七夕
This question,本題
agate,瑪瑙
early autumn,初秋
artifacts,器物
farming,農耕
Old father,老父
Standby,待機
Grapefruit,柚子
Rice paddy,水田
Governance,施政
Wording,文言
ragged,襤褸
Sea Freight,海運
profit and loss,損益
captain,機長
Sheung Shui,上水
Kitayama,北山
dustpan,箕
rationing,配給
Unification,一統
Obliterate,抹殺
halberd,戟
blue veins,青筋
public prosecution,公訴
My father,家父
foot,足下
Stop bleeding,止血
Dove,鳩
breast,乳腺
cereals,穀物
subjects,臣民
Death,享年
apostle,使徒
Celebrities,名士
Angry,憤然
Probation,感化
heron,鷺
raccoon dog,狸
engagement,婚約
Garden Tour,遊園
blind spots,死角
Second Lieutenant,少尉
famous family,名門
Aliases,別名
smooth,平滑
fabric,織物
repaying a favor,報恩
mushrooms,茸
black pepper,胡椒
Reduction of sentence,減刑
heresy,異端
Range,射程
Mana,法力
disillusionment,幻滅
Pure White,純白
coriander,香菜
My generation,我輩
rain and dew,雨露
Lost the case,敗訴
Details,明細
plot,暗算
thaw,解凍
remarriage,再婚
Growth rings,年輪
Olympic flame,聖火
straw sandals,草鞋
priest,祭司
torture,拷問
Seal,璽
inertia,惰性
bulk,大宗
gravity,重力
Self-love,自愛
Water volume,水量
Accuracy,精度
syncope,失神
Contamination,混入
coercion,脅迫
Complete victory,全勝
soften,軟化
predecessors,先輩
boudoir,閨
mockery,揶揄
sailor,水兵
saber,軍刀
weir,堰
Willful,恣意
shipbuilding,造船
Autumn Colors,秋色
Alarm bell,警鐘
Childhood,幼時
trade,通商
younger generation,後輩
vulgar,低俗
warm current,暖流
Difficulty,難易
Good luck,大吉
Clothing,衣冠
almost,殆
Wizards,奇才
alloy,合金
Save effort,省力
python,蟒
broadcast,放送
rainfall,降雨
nutrient,養分
Beiyang,北洋
urgent,急迫
lofty,高遠
second hand,中古
Differences and similarities,異同
dyeing,染色
salivate,垂涎
radical,部首
A crushing defeat,大敗
intuition,勘
As mentioned above,前述
Third-rate,三流
Teachings,開示
Survival,活路
Short life,短命
noble,高潔
burst,爆裂
food,食糧
perpetrator,加害
congestion,充血
photocopy,影印
crown,王冠
Alert,機敏
Beidou,北斗
monks,修士
Jiazi,甲子
Xuanwu,玄武
Royal,御用
exceptional price,破格
good reputation,美名
technician,技工
soldier,兵士
Specific,特異
surfacing,浮上
labor pains,陣痛
germs,病菌
Break,破門
Correction,校正
front wheel,前輪
resin,樹脂
white flag,白旗
grace,恩典
Paper,紙質
barrel,樽
pardon,赦免
weathering,風化
Kindness,仁愛
cave,洞窟
loyal minister,忠臣
pheasant,雉
Marquis,侯爵
Leaving early,早退
Historian,史家
Second-rate,二流
Blatant,露骨
hide,匿
removal,除名
Great Achievements,偉業
Burnout,倦怠
lower limbs,下肢
durable,耐用
Opening,開局
ancestor,先祖
literary giant,文豪
palmistry,手相
construction,工事
Tsukuda,佃
inscription,題字
Colorful,多彩
estuary,河口
oxen and horses,牛馬
Good person,善人
treasury,金庫
toxicity,毒性
Discrete,離散
pollen,花粉
Important,要衝
Five tastes,五味
Old woman,姥
mist,靄
diagnosis and treatment,診療
news,音信
Water-based,水性
wiring,接線
Winning the case,勝訴
Slightly,小幅
Pronunciation,字音
pension,年金
White powder,白粉
charcoal,木炭
Unprepared,不備
simple,簡略
quantum,量子
shortwave,短波
Repeat offense,再犯
hereditary,世襲
Ginza,銀座
art of war,兵法
Ships,艦艇
latitude,緯度
Tranquility,恬淡
bladder,膀胱
poor,貧民
cunning,狡
torch,炬
Fire,火種
measure,度量
raft,筏
Hue,色相
Loyalty,忠義
reclamation,開墾
Meeting,議事
fur,毛皮
Clam,蛤
shovel,鍬
yam,山芋
hammer,槌
envoy,使節
religious,信教
fine,罰金
Inorganic,無機
Public,公有
Distribution,分派
Planting trees,植樹
urea,尿素
misinterpretation,曲解
Purgatory,煉獄
marry,成婚
Vulture,鷲
narrow,仄
foreskin,包皮
Fresh air,新風
lubricating,潤滑
End,末端
why,何故
Massacre,虐殺
bleach,漂白
Zongzi,粽
Major offense,大過
Monthly Report,月報
Valley,谷地
Polar Regions,極地
Construction,造作
Apology,謝罪
eddy,渦
Volume,容積
Municipal,市立
Strong Hit,強打
Phonology,音韻
Now,現下
Important matters,要事
logistics,兵站
serf,農奴
loving mother,慈母
Admiral,提督
egg,卵子
mysterious,玄妙
Eyes Opening,開眼
spine,脊椎
Symbiosis,共生
First Night,初夜
impatience,性急
stomach ache,腹痛
fool the people,愚民
plot,畦
Appointment,起用
elegant,上品
Introspection,自省
Descent,降下
close relatives,近親
supine position,仰臥
Auspicious day,吉日
Handstand,倒立
dismissal,免職
Another World,隔世
incubation,孵化
log,原木
dependence,依存
maggot,蛆
eyelids,眼瞼
Self-recommendation,自薦
Avatar,分身
Tea room,茶房
little finger,小指
sideline,副業
ankle,踝
following year,翌年
satin,緞子
Carrying,搭載
guard,警備
Sentence,刑期
type,活字
hypocritical,偽善
walnut,胡桃
Umbilical cord,臍
Send troops,派兵
beheading,斬首
School Motto,校訓
Lecture Hall,講堂
Straight,順子
the large intestine,大腸
livestock,家畜
Accommodation,投宿
precipitate,澱
Red Sea,紅海
discharge,放電
written,筆頭
Denotation,表意
Well-seasoned,爛熟
Association,結社
refined,精製
corolla,花冠
edict,詔書
adultery,姦淫
summary,紀要
training,研修
justification,名分
lifeline,命脈
Horse head,馬頭
common,共通
Fall from power,落馬
Rising Sun,旭日
Suzaku,朱雀
saliva,唾
Attend,列席
plasma,血漿
conclude,締結
seafarers,海員
Meat quality,肉質
Karma,果報
right angle,直角
Strategy,謀略
Running Script,行書
Special exception,特例
coincide,重合
Export,導出
moisture-proof,防潮
storm,暴風
English name,英名
Alternate,候補
school spirit,校風
Grace,風姿
scattered,零落
Direct,直行
defend to the death,死守
xenophobic,排外
carnivorous,食肉
Character,品性
Clothing,衣料
suspension bridge,吊橋
Winner,勝者
light years,光年
preface,自序
main culprit,主犯
start,起動
abdominal cavity,腹腔
Gen,艮
interest,興味
lizard,蜥蜴
in vain,徒然
thin film,薄膜
forever,永世
gland,腺
honest,清廉
young children,幼童
Buried,葬送
Supplement,補足
Source,源流
vocabulary,語彙
infiltration,浸潤
On land,陸上
Whitewash,粉飾
Elegy,悲歌
All staff,全員
Beginning and End,首尾
hardness,硬度
handle,手柄
voiceless,清音
Overturn the verdict,翻案
rainy season,梅雨
snare,網羅
Prince,皇子
farm tools,農具
foundation,礎
height,身長
Bai Wen,白文
judo,柔道
Judge,判官
fictional,架空
sumo wrestlers,力士
Master,巨匠
True intention,真意
torture,受刑
people of the same taste,同好
syphilis,梅毒
below the knee,膝下
Killing,殺傷
Construction period,工期
epitaxy,外延
Natives,土人
banned books,禁書
Coach,教頭
brilliant,爛漫
Lord,領主
Water supply,給水
peers,同業
Important positions,要職
Suspension,停職
Last Generation,末代
Garden,庭園
Marriage registration,入籍
Move the capital,遷都
Linhai,臨海
cable,纜
His Holiness,法王
key personnel,要員
military attache,武官
Tea bowl,茶碗
power,冪
corporal,下士
Sumo,相撲
Prime culprit,元凶
cheese,酪
bitter taste,苦味
peer,同輩
nasal cavity,鼻腔
staff,幕僚
appointment,任用
lush,繁茂
Stretch,伸縮
Vocation,天職
Full of problems,百出
Snowflakes,雪片
Mercury,水星
transcript,抄本
instantaneous,瞬時
blast,疾風
topic,論題
Ogi,荻
urethra,尿道
severe,重度
Letter,投書
travel expenses,旅費
ripple,波紋
against the wind,逆風
frozen soil,凍土
antiquity,古風
hiking,遠足
return,送還
hemorrhoids,痔
Regulations,規程
Memorial,追悼
subcutaneous,皮下
breast-feeding,哺乳
Licorice,甘草
shackles,枷
Confucianism,儒教
breath,鼻息
door,扉
river snail,田螺
By land,陸路
Intersection,交差
Until,迄
Affair,情事
epidermis,表皮
Ambition,大志
slander,中傷
overview,概要
lightning fast,神速
philosophers,諸子
Branch,分社
aphorism,警句
homogeneous,同質
enlightenment,開化
Shogunate,幕府
criminal record,前科
exile,亡命
hemisphere,半球
beans,豆類
attendance at work,出勤
acidic,酸性
placenta,胎盤
Good or bad luck,吉凶
Strange Man,奇人
Interpretation,詮
Articles,冠詞
rubble,瓦礫
Affair,私情
chopsticks,箸
original sin,原罪
capital offense,死罪
eel,鰻
thorn,棘
Ancient sayings,古語
electro-thermal,電熱
Remain in office,留任
cube,立方
colleague,同僚
clear stream,清流
Speed ​​of Light,光速
dead leaves,枯葉
book,冊子
Review,品評
potted plants,盆栽
underground,地底
Reason,事由
rent,賃
solution,解法
boiled,煮沸
Approval,首肯
stone,結石
aquarium,水槽
Engineer,工兵
Conclusion,結語
carp,鯉
dye,染料
end,終了
violent,狂暴
Survival,存亡
Water collection,取水
eldest daughter,長女
countercurrent,逆流
Requirements,要件
active duty,現役
Rightward,右傾
genitals,陰部
tribe,部族
Top right,右上
On-the-spot,臨場
sacrifice one's life,捨身
Severe,重症
Followers,後塵
Taking poison,服毒
Bloodsucking,吸血
Fire,噴火
situation,景況
royal,皇族
No confusion,不惑
Holy Water,聖水
Currently,目下
Non-toxic,無毒
habitat,生息
selfish desires,私欲
chronology,年表
tyrannical,暴虐
cram school,塾
ink,墨汁
Manjushri,文殊
ensemble,合奏
frank,率直
Haiphong,海防
Outside Line,外線
Foreign Minister,外相
analogy,類推
rider,騎手
precipitation,降水
Retrograde,逆行
dialysis,透析
deacon,執事
Courageous,果敢
cortex,皮質
Amount,多寡
pure gold,純金
break,休憩
support,扶助
All things,諸事
Chronology,年譜
Postponement,順延
natural,渾然
Main cause,主因
New School,新派
bouquet,花束
hands together in prayer,合掌
drool,涎
film time,片時
Huitian,回天
grains,五穀
wildfire,野火
foot of the mountain,山麓
Volume,嵩
Princes,王侯
Lifted,解禁
Hollow,中空
keen sense,痛感
brown,茶色
God-man,神人
persimmon,柿
Special,特等
Saturn,土星
Emergency,救急
retrial,再審
Rise and Fall,興亡
Faith,信義
Motivation,動因
community,群落
mediation,斡旋
suite,組曲
unworthy,不肖
Senior seat,上座
Orthodox,正教
airspace,領空
Indefinite,無期
dizzy,目眩
high fever,高熱
gradually,漸次
throne,皇位
scale,音階
Sterilization,殺菌
hood,幌
Attack and Defense,攻防
camphor,樟
torpedo,魚雷
tentative,暫定
Pioneer,先導
Urgent,火急
merchant ships,商船
intercalary,閏
razor,剃刀
incontinence,失禁
Ronin,浪人
Section Chief,課長
Out of generation,輩出
Root cause,病根
reciprocating,往復
beautiful,綺麗
windproof,防風
government bonds,公債
Subtraction,減法
heartless,不仁
tie,平手
tree canopy,樹冠
Official History,正史
Good deeds,善行
Cremation,火葬
winning,優勝
explicit,明示
laughter,失笑
Beichen,北辰
pig,豚
Asexual,無性
Correction,訂正
Change,更迭
appraise,褒貶
Interference,妨害
rap,饒舌
spine,脊柱
Lumbar spine,腰椎
shoulder to shoulder,比肩
Synonyms,同義
Kinuta,砧
Left-leaning,左傾
foreign body,異物
pitcher,投手
# 6000,# 6000
nephew,甥
Bird's-eye view,鳥瞰
pistol,銃
avalanche,雪崩
Affinity,親和
Commentary,講評
rigidity,剛性
Teaching,授業
Fool,愚人
pupa,蛹
Antiquities,古物
Duplex,複式
Ministry of Justice,刑部
History,沿革
Prosperity,繁盛
Displaced,流離
see through,看破
things,物事
siren,警笛
Maritime,海事
Native,原生
profound,深長
No smoking,禁煙
Applause,喝采
adopted son,養子
Symphony,交響
dust,粉塵
Wedding Date,婚期
shaft,轅
hardening,硬化
non-commissioned officer,士官
childcare,保育
Transfer,移送
Close your eyes,瞑目
indignation,義憤
eldest brother,長兄
spire,尖塔
prenatal education,胎教
guard,鎮守
hail,霰
Curing,固化
Subtotal,小計
epidemic,疫病
cold reception,冷遇
Urgent use,急用
Invoicing,開票
millet,黍
Previous issue,上期
blazing,熾烈
Strabismus,斜視
moon,嬋娟
Sleep,安眠
material desires,物欲
Inscription,銘文
Causes,誘因
arms,軍備
personification,擬人
rainforest,雨林
scull,櫓
rectangle,矩形
Business,業態
archipelago,列島
trench,壕
stale,陳腐
the root of evil,禍根
Resignation,離任
Strata,地層
permanent,常設
watercolor,水彩
Suffering from,罹患
ovulation,排卵
fishing port,漁港
Acura,謳歌
Hesitation,逡巡
valve,弁
front,前部
formation,編隊
Infant,赤子
Natural enemies,天敵
diligence,勤勉
Drink heavily,痛飲
mediation,調停
purity,純度
the foundation,根底
unarmed,徒手
louse,虱
sugar,砂糖
enjoy the cool air,納涼
sleeve,袂
welfare,福祉
Poseidon,海神
external use,外用
unconstitutional,違憲
diamond,菱形
Current situation,時勢
Final Accounts,決算
rapids,急流
seahorse,海馬
elegy,挽歌
Falling out,反目
flag bearer,旗手
Jupiter,木星
garrison,守備
gaffe,失言
rear-end collision,追尾
adopted daughter,養女
Oyster,牡蠣
support,後援
Akebono,曙
Selfish,利己
rival,匹敵
Writing,揮毫
saying,諺
captain,艦長
shellfish,貝類
Devil's Cave,魔窟
pubic hair,陰毛
couple,伉儷
half-sister,異母
sudden rain,驟雨
painless,無痛
Banquet,酒宴
spherical,球形
sincere,至誠
Respect for the Elderly,敬老
spray,噴霧
Next day,翌
reform,維新
Reelection,改選
One of the best,屈指
suppuration,化膿
Chastity,貞節
Poetry,詩壇
liquefaction,液化
rhinitis,鼻炎
immersion,浸入
Spewing rice,噴飯
misdiagnosis,誤診
fishing rod,釣竿
inferiority,劣等
male and female,雌雄
stallion,種馬
Low energy,低能
serum,血清
official position,官位
red lotus,紅蓮
parents,父兄
Espionage,諜報
grinding,研磨
wind speed,風速
Lower left,左下
create,創製
quarterly,季刊
fear,怖
Good Strategy,良策
Agriculture and Industry,農工
lowland,低地
Quagmire,泥沼
bronze,銅器
Azabu,麻布
Self-sufficiency,自足
hail,雹
Dharma Eye,法眼
prairie fire,燎原
skin,外皮
coexistence,並立
Sing in harmony,唱和
fascicle,分冊
Engraving,刻印
Cabinet Order,政令
discipline,懲戒
worldly affairs,世情
low altitude,低空
Seaweed,海藻
funnel,漏斗
loquat,枇杷
chant,吟詠
ad hoc,特設
mid-game,中盤
threshold,閾
Appeasement,姑息
Water absorption,吸水
Heavy Industry,重工
Extraordinary,異彩
tolerance,公差
bad breath,口臭
Omens,前兆
clavicle,鎖骨
intimidation,威嚇
sentencing,量刑
onslaught,猛攻
primary color,原色
Stranger,異人
Main job,本職
mortar,臼
Sect,宗派
logic,論理
visual,目視
Master,名手
Agriculture and Forestry,農林
Lower floor,低層
Current situation,現況
waterbirds,水鳥
obscenity,褻
Inversion,倒置
peace talks,講和
Anti-corrosion,防腐
depression,窪地
Lower limit,下限
strong winds,強風
Handwriting,手跡
superfluous,贅
instigation,策動
military aircraft,軍機
fate,末路
puncture,穿刺
Hibernation,休眠
cruise,巡航
Strong enemy,強敵
Altruism,利他
critical,臨界
maroon,栗色
statement,明言
Collaboration,協力
Visual inspection,目測
felony,重罪
Equal division,等分
flat,平底
Meaning,字義
darkroom,暗室
tidal,潮汐
Equal,均等
ghostwriting,代筆
wire,導線
measles,麻疹
Overwintering,越冬
photons,光子
Dripping,滴下
Decisive Victory,決勝
Gao Yang,高揚
Last quarter,末節
Goodwill,親善
lament,悲鳴
Hematopoiesis,造血
Calculation,演算
kite,鳶
concrete,具象
fan,扇動
Charm,魅惑
domineering,跋扈
Easy,平易
Small intestine,小腸
peach,桃色
memorial service,法事
evil thoughts,邪念
adoptive father,義父
hospital room,病室
Anthrax,炭疽
urination,排尿
military service,兵役
rebellion,謀反
rehabilitation,更生
rainfall,雨量
Farewell,惜別
Equestrianism,馬術
Peaks,群峰
esophagus,食道
Cluster,群集
Celestial Realm,天界
Sprint,疾走
rash,疹
scribes,文士
lament,悲嘆
tuberculosis,結核
ship owner,船主
Kyogen,狂言
shade,翳
treacherous ministers,奸臣
embankment,堤防
Weaver Girl,織女
Water system,水系
maternal,母系
water transport,水運
Hearing,詰問
sector,扇形
Teaching staff,教鞭
Details,詳述
gastritis,胃炎
Famous,名優
victory or defeat,勝敗
homeless,遊民
bracken,蕨
Flammable,可燃
Yellow,紺
cornea,角膜
collusion,共謀
Detonation,起爆
Bride,新婦
Daily,日刊
Water injection,注水
common people,庶民
Smoke-free,無煙
Hijikata,土方
side,舷
eyelid,瞼
socializing,交遊
account books,帳簿
world-weariness,厭世
fin,鰭
extremely wealthy,巨富
outpost,前哨
Closed,閉館
division,除法
faux pas,失策
Saint,聖者
water chestnut,薺
trace,微量
Snowfall,降雪
House of Representatives,下院
pulp,果肉
Estimate,推定
color blindness,色盲
photosensitivity,感光
Defeat,敗北
Aware,知悉
wise men,賢人
morning,午前
support,扶養
White rice,白米
territorial sea,領海
Constitution,立憲
righteousness,義理
Yours,貴方
cough,嗽
language family,語族
unique,一意
Lactic acid,乳酸
fixed pattern,定式
surprise attack,奇襲
rectum,直腸
Model,型式
poison,毒物
Product Name,品名
grass,牧草
pointing out,指摘
Flowering period,花期
Museum,博物
cartilage,軟骨
drowning,溺死
epaulettes,肩章
quartz,石英
Pastoral,牧歌
calamus,菖蒲
Stone Tools,石器
yeast,酵母
Divinity,神性
frostbite,凍傷
Imperial Capital,帝都
agreement,合意
Self-sufficiency,自給
Asceticism,苦行
Power saving,節電
mental arithmetic,心算
quartermaster,軍需
differential,微分
stomach acid,胃酸
Space,宙
stare,瞠目
primary,初等
excess fat,贅肉
detention,留置
electrode,電極
resonance,共振
heel,踵
righteous,義士
trout,鱒
Hyperopia,遠視
keratin,角質
Death anniversary,忌日
Falcon,隼
Pickup,拾得
Thanks,謝恩
starfish,海星
Transmission,伝
bale,俵
son,倅
Harvesting,刈
rumor,噂
decoy,囮
Raku,埒
moat,堀
princess,姫
butt,尻
cape,岬
mountain pass,峠
flag,幟
law,律
rules,掟
Pleiades,昴
hazy,朧
digit,桁
Packing,梱
wedge,楔
Enoki,榎
Torreya grandis,榧
scrap of wood,榾
sled,橇
Appeal,檄
Cypress,檜
comb,櫛
oak,櫟
ball,毬
snivel,洟
lagoon,潟
moxibustion,灸
Rate,率
field,畑
irritation,癪
dish,皿
anger,瞋
sharpening,砥
Crucifixion,磔
gravel,礫
barnyard grass,稗
colander,笊
Should,筈
笕,筧
foil,箔
cage,篝
Shino,篠
paste,糊
thread,糸
䌷,紬
strings,絃
Kasuri,絣
white silk,縞
can,缶
trap,罠
Ruled,罫
torso,胴
Shin,脛
tendon,腱
vagina,膣
strawberry,苺
pod,莢
Suga,菅
Violet,菫
Hagi,萩
Humulus,葎
Wear,著
Raincoat,蓑
Polygonum,蓼
Tsuta,蔦
butterbur,蕗
bush,藪
gadfly,虻
flea,蚤
leech,蛭
octopus,蛸
Clams,蜆
cicada,蜩
Viper,蝮
lined,袷
hem,裾
pleats,襞
puzzle,謎
Zhen,軫
Crossing,辻
vinegar,酢
thallium,鉈
cymbals,鉦
Sharp,銛
sword,鋏
锖,錆
armor,鎧
trowel,鏝
Dark circles,隈
sleet,霙
bag,鞄
jaw,顎
candy,飴
preserves,餞
beard,髭
wig,鬘
mane,鬣
catfish,鮎
Sharp,鮒
tuna,鮪
shark,鮫
salmon,鮭
mackerel,鯖
sea ​​bream,鯛
bluefish,鯥
gill,鰓
sardines,鰹
cod,鱈
bass,鱸
poison,鴆
pelican,鵜
bulbul,鵯
Nue,鵺
quail,鶉
Flycatcher,鶲
siskin,鶸
bran,麩
noodle,麭
you,麿
One,一元
bite,一口
One sentence,一句
One week,一周
a family,一家
layer,一層
All,一律
One hit,一打
a clan,一族
at a glance,一眼
A sort of,一種
One word,一言
One round,一輪
Once,一遍
Seven Days,七曜
Strikeout,三振
Miharu,三春
triple,三重
Previous generation,上代
Top,上位
upper lip,上唇
Winding,上弦
epithelium,上皮
Up,上達
above,上面
Nether,下界
offline,下線
Shimotsuke,下野
under,下面
No duality,不二
incest,不倫
Not moving,不動
unlucky,不吉
discord,不和
Not present,不在
Despondency,不振
Lost,不敵
barren,不毛
Unexpected,不測
injustice,不義
Unknown,不詳
rude,不遜
Crown Prince,世子
social climate,世相
Midsummer,中元
China and India,中印
Neutralization,中和
neutron,中子
courtyard,中庭
Medium wave,中波
middle ear,中耳
Central axis,中軸
Nominative,主格
Accountant,主計
Guest of Honor,主賓
spindle,主軸
Lead Vocals,主音
Jiukuo,久闊
beggar,乞食
wet nurse,乳母
Lotion,乳液
dairy cows,乳牛
lactose,乳糖
mastic,乳香
cottage cheese,乾酪
Encyclopedia,事典
binary,二元
Bisection,二分
the deceased,亡者
Hyperactivity,亢進
mating,交尾
philtrum,人中
Married woman,人妻
Physiognomy,人相
connections,人脈
Mermaid,人魚
furniture,什器
Jintan,仁丹
Benevolent Medicine,仁術
past and present,今昔
This time,今次
Heteronomy,他律
Others,他者
Fairyland,仙界
compensation,代償
Substitution,代入
Substitute,代行
onwards,以降
Intermediation,仲介
ambush,伏兵
Foreshadowing,伏線
pause,休止
Residence,住居
climax,佳境
servant,使役
Example,例示
example,例題
offering,供物
statement,供述
contempt,侮蔑
toilet,便器
toilet,便所
Notes,便箋
secular world,俗世
Common name,俗名
fuse,信管
Study,修業
Practice,修練
Shura,修羅
Repair,修造
Haiku,俳句
Wa people,倭人
partial eclipse,偏食
Side Chamber,側室
Fake Book,偽書
Under the umbrella,傘下
spare parts,備品
Mercenaries,傭兵
proud,傲岸
monks and laymen,僧俗
monastery,僧院
presumptuous,僭越
remote area,僻地
Confucian scholars,儒者
excellent,優等
brother,兄弟
filling,充填
Prerequisite,先決
Foresight,先見
Xianda,先達
pioneering,先鞭
Vanguard,先頭
Light intensity,光量
Admission,入園
priest,入道
Global,全域
At its peak,全盛
Omniscience,全知
Complete Edition,全編
General,全般
Closed,公休
trial,公判
Public recruitment,公募
public security,公安
Public hazards,公害
public law,公法
high seas,公海
Public,公設
public opinion,公論
Hexagon,六角
Accomplice,共犯
soldiers,兵卒
troops,兵員
troops,兵隊
Reconstruction,再建
Second Coming,再臨
Resurgence,再起
Reopen,再開
emerge,冒頭
Redundancy,冗語
Hades,冥府
Underworld,冥界
Rest in peace,冥福
cooling,冷房
cold-blooded,冷血
decline,凋落
Override,凌駕
Condensation,凝縮
Agglutination,凝集
Legend,凡例
mundane,凡俗
ordinary people,凡夫
Mediocre,凡庸
All Hundred,凡百
tragedy,凶事
violent,凶暴
bumps,凹凸
Gravure,凹版
Run away,出奔
Departure,出港
Departure,出航
Bleeding,出血
knife skills,刀工
force component,分力
Denominator,分母
Sections,分節
Participles,分詞
Field,分野
Minute hand,分針
Cutting,切削
longing,切望
Urgent,切迫
Publication,刊行
criminal law,刑法
Beginner,初心
menarche,初潮
First offense,初犯
precedent,判例
Discrimination,判別
Turns out,判明
Clear,判然
diuretic,利尿
Profit,利得
interest rate,利率
sashimi,刺身
tattoo,刺青
delete,削除
Precedent,前例
vestibule,前庭
Front axle,前橋
Front,前段
Front,前面
energetic,剛健
bristle,剛毛
adrenal glands,副腎
Cut off,割愛
Creation,創世
Founding,創始
Practice,力行
Achievements,功業
Merits and demerits,功罪
Protection,加護
Assistance,助力
booming,勃興
erection,勃起
Account,勘定
Win rate,勝率
odds of winning,勝算
service,勤務
loyal to the king,勤王
detention,勾留
Combination,化合
Perfect,十全
Ten Commandments,十戒
Senri,千里
half,半分
half-mast,半旗
Half Moon,半月
semitone,半音
self-deprecation,卑下
Cowardly,卑怯
graduate,卒業
Agreement,協約
pumpkin,南瓜
gambler,博徒
knowledgeable,博識
Inca,印加
critically ill,危篤
instant,即席
primitive man,原人
Original,原初
Original meaning,原義
original,原著
primitives,原語
Castration,去勢
Pass the exam,及第
friendly forces,友軍
Anti-nuclear,反核
Rumination,反芻
Irony,反語
aunt,叔母
Baptism,受洗
Fertilization,受精
conception,受胎
Trustee,受託
Rewarded,受賞
Acceptance,受領
oral,口頭
Movable,可動
Decidable,可決
reversible,可逆
pedestal,台座
Dominant,叱咤
reproach,叱責
History,史上
priest,司祭
Confluence,合流
total,合計
Collegial,合議
good omen,吉兆
Apparent,同位
Synchronicity,同調
Coaxial,同軸
business card,名刺
masterpiece,名著
backward,向後
Tropism,向性
suction cup,吸盤
frequency,周波
Public awareness,周知
rebuke,呵責
harmony,和合
Chord,和音
pharynx,咽頭
Lament,哀歌
Item,品目
Products,品等
Materialism,唯物
mourning clothes,喪服
good looks,器量
diffraction,回折
Palindrome,回文
sailing,回航
circuit,回路
Stubborn,固執
earthenware,土器
burial,土葬
Local tycoon,土豪
outer,在外
underground,地下
soil fertility,地力
cadastral,地籍
lichens,地衣
axis,地軸
Uniform,均一
Homogenization,均質
Seated statue,坐像
ischium,坐骨
Crucible,坩堝
Buried,埋設
castle,城郭
Pier,埠頭
Obsession,執念
base,基底
substrate,基板
Base,基盤
Fundamental tone,基音
Strong,堅牢
compost,堆肥
reward,報償
revenge,報復
cemetery,墓場
gravestone,墓石
Foreign Affairs,外務
Field Service,外勤
offshore,外海
external ear,外耳
Outside,外面
Diversity,多元
How big,多大
porous,多孔
Multi-layer,多層
Versatile,多才
Multi-terminal,多端
Polysemy,多義
succulents,多肉
Talkative,多言
Luminous,夜光
Yaksha,夜叉
nightclub,夜店
Night attack,夜襲
at night,夜間
Nightmare,夢魔
Big Victory,大勝
great talent,大器
Captain,大尉
main idea,大意
sea,大海
Prison,大獄
Monkey King,大聖
Main Points,大要
Big Words,大言
Cauldron,大釜
Oshika,大鹿
Heaven,天上
weather,天候
Emperor of Heaven,天帝
Tianxin,天心
Libra,天秤
Skynet,天網
Tianzhu,天誅
Zenith,天頂
Pegasus,天馬
lunar,太陰
sun,太陽
Lost,失墜
Excuse me,失敬
Disqualification,失格
stall,失速
servant,奉公
Galloping Horse,奔馬
Heroine,女傑
Actress,女優
Women,女流
Evil Plot,奸計
favorite,好物
nonsense,妄言
Pregnant women,妊婦
witchcraft,妖術
power,威勢
Majestic appearance,威容
whore,娼婦
Coquettish,媚態
legitimate son,嫡子
Delicate,嬌態
ovary,子房
Shiki,子規
consonant,子音
Dictionary,字書
Seasons,季候
Solitary,孤高
hit,安打
Peace of mind,安泰
leisurely,安閑
completion,完了
Complete victory,完勝
shutout,完封
Complete defeat,完敗
perfection,完璧
metropolitan,宗主
Master,宗匠
Sensuality,官能
government troops,官軍
Regular,定例
Capacity,定員
Rules,定規
guest,客人
Rooms,客室
passenger ship,客船
head of the household,家主
furniture,家具
Home,家宅
vassals,家臣
Household Finances,家計
Family motto,家訓
Host,宿主
Rival,宿敵
long-cherished wish,宿願
informant,密告
Close,密接
secret agreement,密約
commune,密談
Sealed,密閉
agar,寒天
pet,寵愛
Enclosed,封入
sealed,封印
Ban,封殺
Archery,射干
projection,射影
ejaculation,射精
Respect your command,尊命
Ask,尋問
packet,小包
small island,小島
Small shop,小店
careful,小心
gavel,小槌
pouch,小袋
Martial,尚武
tail feathers,尾羽
rear wing,尾翼
tailbone,尾骨
local,局地
Intermediary,居間
bending,屈曲
stratus,層雲
Yamanashi,山梨
Mountain God,山神
wasabi,山葵
Mountain climbing,山行
bandits,山賊
Islanders,島民
collapse,崩落
Kawasaki,川崎
State,州立
parade,巡行
Workshop,工房
Kyoho grapes,巨峰
Huge,巨額
difference,差分
Barry,巴里
Municipal system,市制
dishcloth,布巾
Permanent,常任
Always,常時
Normal,常軌
usual way,常道
Area,幅員
Intermission,幕間
zodiac,干支
Safety,平安
Average year,平年
dawn,平明
frying pan,平鍋
younger than,年下
mid-year,年中
annual salary,年俸
Fortunately,幸甚
a bit,幾分
preface,序文
Prologue,序章
# 7000,# 7000
bottom,底面
seat,座席
building,建物
Jianbai,建白
Ignition,引火
Retirement,引退
Relaxation,弛緩
amblyopia,弱視
weak acid,弱酸
form and quality,形質
traces,形跡
a mere formality,形骸
Past,往時
Rebirth,往生
conquest,征伐
Successor,後任
Second half,後半
Aftertaste,後味
the following year,後年
the day after tomorrow,後日
Back,後段
hind legs,後肢
rear,後部
slow down,徐行
apprentice,徒弟
Votes,得票
Remake,復刻
reinstatement,復職
dust,微塵
fine,微細
ventricles,心室
heart,心根
heartbeat,心音
fear,忌憚
Ninja,忍者
Faithfulness,忠信
Loyalty and Bravery,忠勇
Honest Advice,忠言
Telekinesis,念力
embarrassed,忸怩
Yearning,思慕
Thoughts,思慮
Laziness,怠惰
Urgent Matters,急務
Sudden Attack,急襲
suddenly,急遽
Sexual orientation,性向
genital,性器
sexual preference,性癖
Strange,怪訝
Gratitude,恩義
humble,恭順
planet,惑星
desire,想望
Provoke,惹起
Intention,意中
Opinion,意見
consciousness,意識
dull,愚鈍
love and hate,愛憎
Dog,愛犬
Li Ran,慄然
concern,憂慮
Possession,憑依
Angry,憤激
Overhang,懸垂
Unsolved Cases,懸案
component,成分
precepts,戒律
Born,所生
What I saw,所見
Handjob,手交
Hand Knife,手刀
notebook,手帳
Hand,手札
turn at bat,打席
break in,打破
Intend,打算
Inflection,抑揚
Deterrence,抑止
Match,投合
antigen,抗原
antibacterial,抗菌
Half,折半
Take this opportunity,折角
Delete,抹消
My work,拙作
My humble work,拙著
Convening,招集
parentheses,括弧
boxing,拳法
Pick up the remaining,拾遺
Capture,拿捕
amplitude,振幅
catcher,捕手
prey,捕食
whaling,捕鯨
Breastfeeding,授乳
Delivery,授受
Exclusive,排他
bowel movements,排便
mining,採掘
Seed collection,採種
Detect,探知
Joining,接合
Customer service,接客
Estimate,推計
Measures,措置
Grip strength,握力
Reference,援用
reinforcements,援軍
culling,撲殺
steering,操舵
Imitation of the ancients,擬古
Mimicry,擬態
Foley,擬音
expulsion of foreigners,攘夷
branch,支店
elimination,改易
Revision,改稿
Revision,改訂
Strategy,攻略
wandering,放浪
Release the Bird,放鳥
Political situation,政情
political enemies,政敵
salvation,救世
Rescue,救難
Defeat,敗走
Retreat,敗退
Textbook,教本
Watering,散水
Scattered,散見
Dissipation,散逸
Respect,敬愛
Respect,敬服
Godliness,敬虔
Honorifics,敬語
Preparation,整備
Land preparation,整地
Rectification,整流
enemy formation,敵陣
Laying,敷設
Text,文面
stripes,斑紋
turtledove,斑鳩
slash,斜線
Slope,斜面
New shoots,新芽
New Creation,新造
New Selection,新選
Fresh,新鮮
direction,方向
plan,方案
Measures,方策
Turning,旋回
melody,旋律
Past,既往
Vested,既得
sunshine,日照
eclipse,日食
early marriage,早婚
kelp,昆布
Clear Observation,明察
flickering,明滅
picture,映像
Time,時宜
Sunny or Rainy,晴雨
heating,暖房
warm color,暖色
culvert,暗渠
reef,暗礁
secret code,暗記
runaway,暴走
Overeating,暴食
Surface,曲面
letters,書簡
Best,最善
Monthly interest,月利
Moon,月輪
lunar eclipse,月食
moon cake,月餅
Affectionate,有情
Paid,有料
courtier,朝臣
tribute,朝貢
Morning Dew,朝露
Hibiscus,木槿
Wood chips,木片
board,木版
preventative,未然
immature,未熟
Unknown,未詳
youngest child,末子
Last seat,末席
tip,末梢
Principal image,本尊
Main Island,本島
today,本日
This dynasty,本朝
the bottom line,本末
Main business,本業
Materia Medica,本草
ladle,杓子
Dongyi,東夷
torch,松明
precipitation,析出
sleepers,枕木
apple,林檎
fructose,果糖
bridge,架橋
pomegranate,柘榴
school song,校歌
revision,校訂
Sandalwood,栴檀
Nucleic Acids,核酸
Format,格式
Platycodon grandiflorum,桔梗
infarction,梗塞
Brahma,梵天
Chess King,棋王
chess records,棋譜
colonization,植民
Skin grafting,植皮
vertebra,椎骨
aurora,極光
capital punishment,極刑
Far North,極北
great,極大
Very small,極小
Very few,極少
polarity,極性
Far East,極東
Yakuza,極道
elevation,標高
sap,樹液
crankshaft,機軸
Opportunity,機運
second daughter,次女
Vice Minister,次官
desire,欲求
fool,欺瞞
Regular,正則
Masako,正子
principal wife,正室
Sine,正弦
True or False,正誤
positive and negative,正負
bravery,武勇
Death,死別
time of death,死期
Life and Death,死生
martyrdom,殉教
martyrdom,殉死
Martyred,殉職
Rank,段位
damage,毀損
maternal and fetal,母胎
mother ship,母船
Mother,母親
vowel,母音
poisoning,毒殺
fangs,毒牙
venomous tongue,毒舌
ratio,比率
fly wing to wing,比翼
hair root,毛根
Coat color,毛色
private house,民家
Homestay,民宿
hydraulic,水力
scale,水垢
Flood,水害
Water depth,水深
hookah,水煙
Polka dots,水玉
water polo,水球
Water God,水神
Navy,水軍
mines,水雷
Eternal rest,永眠
sweat glands,汗腺
steamship,汽船
Alluvial,沖積
Rivers,河川
pufferfish,河豚
Rule,治下
Coastal,沿岸
outside the law,法外
law,法律
Hosei,法政
Normal,法線
Waveform,波形
wavelength,波長
peat,泥炭
Western,泰西
clothes,洋服
laundry,洗濯
Refined,洗練
washbasin,洗面
Activity,活動
letterpress,活版
live fish,活魚
spread,流布
exile,流刑
flow rate,流速
Flowing,流麗
dredging,浚渫
buoyancy,浮力
yukata,浴衣
trench,海溝
manatee,海牛
seaweed,海苔
seaweed,海草
Pirates,海賊
shipwreck,海難
Seabirds,海鳥
Flooding,浸水
erase,消去
Silence,消音
fornication,淫行
Mixed,混交
Confusion,混同
Mix,混和
blended,混紡
mixed race,混血
Clarification,清澄
salary reduction,減俸
impairment,減損
Debuffs,減益
Lakes and ponds,湖沼
Sterilization,滅菌
funny,滑稽
fishing gear,漁具
fishing grounds,漁場
fishing nets,漁網
lacquerware,漆器
Leakage,漏洩
leakage,漏電
Drama,演劇
Demonstration,演武
Mysophobia,潔癖
tide level,潮位
Appreciation,激賞
Turbulent Times,濁世
Turbidity Stream,濁流
voiced,濁音
Light and dark,濃淡
Filtration,濾過
near death,瀕死
firearm,火器
Pillar of Fire,火柱
Disaster,災厄
cooking,炊事
Nothing,烏有
squid,烏賊
No help,無援
Anhydrous,無水
Sterile,無菌
scorched earth,焦土
anxiety,焦慮
smokescreen,煙幕
Chimney,煙突
Illumination,照度
sighting,照準
Careful consideration,熟慮
Idioms,熟語
iron,熨斗
Desire,熱望
heat source,熱源
fever,熱病
Hilarious,爆笑
loud noise,爆音
Father,父親
stronghold,牙城
burdock,牛蒡
Stag,牡鹿
livestock farming,牧畜
faun,牧神
Monogatari,物語
Limited Express,特急
Special Needs,特需
signal fire,狼煙
Deep reflection,猛省
Raptor,猛禽
Advance,猛進
Imperial Rescript on the Termination of the War,玉音
rare,珍奇
gem,珠玉
cocci,球菌
spherical surface,球面
logic,理路
zither,琴瑟
enamel,琺瑯
atoll,環礁
sweetness,甘味
unboiled water,生水
raw meat,生肉
Fresh,生鮮
penis,男根
male god,男神
Male homosexuality,男色
Abbreviations,略語
Changes,異動
Alien,異形
Xenomorph,異種
heteronym,異義
heterogeneous,異質
foreign land,異邦
Outliers,異類
doubts,疑念
Doubt,疑義
pathogen,病原
sickly,病弱
Patient,病者
Illness,病苦
hospital,病院
Symptoms,症候
happy,痛快
pervert,痴漢
summit,登頂
White Blade,白刃
white night,白夜
White,白子
White soup,白湯
White turbidity,白濁
polar bear,白熊
White Hot,白熱
arctic fox,白狐
White of the eyes,白目
Blank vote,白票
White line,白線
whitefish,白魚
Baichuan,百川
Rise and Fall,盛衰
cecum,盲腸
Intuition,直感
straightforward,直截
Direct writing,直筆
direct line,直系
Directly under the jurisdiction of,直轄
inheritance,相承
Contradictory,相違
Self-examination,省察
between the eyebrows,眉間
signboard,看板
True Suchness,真如
Authenticity,真性
Red sea bream,真鯛
eyes,眼目
A feast for the eyes,眼福
Water Lily,睡蓮
meditation,瞑想
tanka,短歌
stonemason,石工
rock garden,石庭
sarcophagus,石棺
asbestos,石綿
catastrophe,破局
Breaking the precepts,破戒
debris,破片
Broken Mirror,破鏡
nitric acid,硝酸
hard water,硬水
Hardcore,硬派
Hard Pen,硬筆
blue eyes,碧眼
magnetic force,磁力
magnetic pole,磁極
magnet,磁石
upright,磊落
Manifestation,示現
Prayer,祈願
immortal,神仙
Artifact,神器
Solemn,神妙
deity,神格
deities,神祇
clergy,神職
Festival,祭典
sacrificial vessels,祭器
sacrifice,祭祀
Prohibition,禁制
fishing ban,禁漁
No alcohol,禁酒
Private Message,私信
Private Server,私服
private law,私法
Second hand,秒針
secret techniques,秘技
Migration,移住
transposition,移調
crude,稚拙
Practice,稽古
cereal,穀類
Years,積年
drilling,穿鑿
Statue,立像
virginity,童貞
Terminals,端子
End,端緒
race walking,競走
childhood sweetheart,竹馬
comedy,笑劇
Pen Power,筆力
conversation by writing,筆談
Equation,等式
Strategist,策士
Strategy,策謀
abacus,算盤
My humble opinion,管見
Miniature garden,箱庭
Morality,節操
fortification,築城
Dedicated,篤志
bookkeeping,簿記
rice warehouse,米倉
rice bran,米糠
essential oils,精油
settlement,精算
Rice polishing,精米
Spirit,精魂
carbohydrate,糖類
feces and urine,糞尿
Red Tide,紅潮
Coat of Arms,紋章
Pure Love,純愛
Paper Fish,紙魚
amateur,素人
bare hands,素手
plain noodles,素面
Purpura,紫斑
Perilla,紫蘇
Progressive,累進
Details,細目
Details,細部
Endgame,終局
form a cabinet,組閣
Conclusion,結末
barrier,結界
nodules,結節
strangulation,絞殺
control,統制
Integration,統合
Rule,統御
Command,統率
Mesh,網目
Omentum,網膜
dense,綿密
Incense sticks,線香
Contracting,締約
Compiled,編著
Urgent,緩急
Experienced,練達
dense,緻密
Penalties,罰則
amniotic fluid,羊水
Midea,美的
Good story,美談
Group Theory,群論
stepmother,義母
prosthetic limbs,義肢
emergence,羽化
calligraphy,習字
elder,老人
Old age,老境
Wife,老婆
consider,考慮
Durability,耐久
Water resistant,耐水
refractory,耐火
Heat resistant,耐熱
Indulgence,耽溺
Danmei,耽美
Holy Scripture,聖典
hymn,聖歌
Priesthood,聖職
Holy Miracles,聖跡
workplace,職場
Flesh,肉感
meat juice,肉汁
gastric juice,胃液
stomachache,胃痛
betrayal,背信
spine,背骨
fetal movement,胎動
viviparous,胎生
germ,胚芽
afterbirth,胞衣
cucumber,胡瓜
sesame,胡麻
thoracic,胸椎
thymus,胸腺
pleura,胸膜
sternum,胸骨
pulsation,脈動
renal pelvis,腎盂
rancid,腐臭
hip bones,腰骨
Intestinal tract,腸管
ascites,腹水
peritoneum,腹膜
conjecture,臆見
vassal,臣下
Loss of consciousness,自失
self-discipline,自律
nature,自然
Self-destruction,自爆
Supreme,至高
Maiko,舞妓
Ship registry,船籍
bridge,艦橋
Ship,艦船
shipborne,艦載
beloved,良人
color blindness,色弱
Eyes,色目
inflorescence,花序
firework,花火
Entertainment District,花街
Oiran,花魁
seedbed,苗床
Predicament,苦境
Complaints,苦情
Herbs,草本
herbivorous,草食
load,荷重
fungus,菌類
Chinese,華族
Rockfall,落石
failing,落第
vein,葉脈
folic acid,葉酸
book,著作
Famous,著名
Writing a book,著書
writing,著述
Pueraria root,葛根
conflict,葛藤
Funeral,葬儀
funeral,葬式
Ignorance,蒙昧
Konjac,蒟蒻
Kamaboko,蒲鉾
transpiration,蒸散
accumulation,蓄積
small profits,薄利
Unfortunate fate,薄命
Unfortunate,薄幸
fickle,薄情
dusk,薄暮
potato,薯蕷
algae,藻類
Su Sheng,蘇生
bedding,蘊蓄
iris,虹彩
Rainbow,虹鱒
meandering,蛇行
superfluous,蛇足
uprising,蜂起
mandarin oranges,蜜柑
dragonfly,蜻蛉
Harmony,融和
Melting,融解
flexibility,融通
hematuria,血尿
vampires,血族
thrombus,血栓
hematoma,血腫
peddler,行商
Between the lines,行間
topsoil,表土
Notation,表記
Phonetic,表音
bedding,被服
reinforcement,補強
patch,補綴
Complementary colors,補色
naked eye,裸眼
Compound interest,複利
compound eyes,複眼
Double track,複線
watermelon,西瓜
West end,西端
Abstract,要旨
Regulation,規制
law,規律
Regulation,規正
Regulations,規約
Parallax,視差
dear,親愛
Kin,親族
Friendly,親睦
wrestling,角力
Antipyretic,解熱
Termination,解約
dissociation,解離
Statement,言明
Instructions,訓示
Notation,記法
Betrothal,許嫁
Appeal,訴求
fraud,詐取
fraud,詐欺
Prototype,試作
Audition,試演
Tasting,試飲
Talking skills,話術
pledge,誓約
Abduction,誘拐
End of sentence,語尾
Etymology,語源
misprint,誤植
Misuse,誤用
Tuition,課金
Tuning,調律
tuning,調音
On the Law,論法
banter,諧謔
edict,諭旨
Various,諸般
Lecture,講筵
Lectures,講習
Insight,識見
agreed,議定
seats,議席
Resolution,議決
House of Representatives,議院
calumny,讒言
soy milk,豆乳
soybean oil,豆油
Luxurious,豪奢
heavy rain,豪雨
Scallop,貝柱
chaebol,財閥
poor and weak,貧弱
Poverty,貧相
Buying sex,買春
cost,費用
qualifications,資格
wise,賢明
Quality,質素
red tide,赤潮
Lean meat,赤身
Assigned,赴任
Brushed,起毛
Crossing borders,越境
vaulting horse,跳馬
Toka,踏歌
Trampling,踏襲
Hesitation,躑躅
Military Merit,軍功
Military Affairs,軍務
Military power,軍勢
naval port,軍港
imposing,軒昂
ointment,軟膏
Poor,較差
Crop rotation,輪作
round robin,輪唱
Locomotive,轆轤
Farming,農事
Farm,農園
farmland,農地
circuitous,迂闊
Near East,近東
offshore,近海
shortcut,近道
Recently,近頃
predicate,述語
camouflage,迷彩
Follow-up,追記
ratification,追認
Retirement,退任
Leave,退席
retreat,退散
regression,退行
Evacuation,退避
Discharge,退院
Counterattack,逆襲
sequentially,逐次
Usually,通例
commute,通勤
wake,通夜
ultimatum,通牒
rapid fire,速射
Linkage,連動
unity,連合
losing streak,連敗
Lian Ge,連歌
Forsythia,連翹
Water ingress,進水
Advice,進言
Approach,進路
Anecdotes,逸話
sports,運動
Fortune,運勢
Fate,運命
overheat,過熱
Taoist Priest,道長
Expert,達人
Disharmony,違和
Remote Cause,遠因
long-term considerations,遠慮
Appropriate,適切
Eligibility,適格
Suffering,遭難
posthumous works,遺作
Remaining Ink,遺墨
Legacy,遺志
grudge,遺恨
Survivors,遺族
posthumous manuscripts,遺稿
Legacy,遺訓
remains,遺骨
remains,遺骸
Return to secular life,還俗
heretical,邪道
obstacle,邪魔
category,部類
consider,酌量
Cooperate,配合
Color,配色
drunkenness,酩酊
enzyme,酵素
cruel,酷烈
Daigo,醍醐
Ugly,醜態
bigamy,重婚
Important Cultural Property,重文
heavy oil,重油
Reprint,重版
heavy artillery,重砲
important officials,重臣
burden,重荷
Heavy Responsibility,重責
Wild Fun,野趣
kumquat,金柑
gold foil,金箔
Amount,金額
fishing tackle,釣具
lily of the valley,鈴蘭
Silver River,銀漢
Silver,銀製
Gong,銅鑼
Koi,錦鯉
intricate,錯綜
optical illusion,錯視
analgesia,鎮痛
long handle,長柄
Long Objects,長物
eldest son,長男
feldspar,長石
long sleeves,長袖
Nagano,長野
boots,長靴
Sect,門派
Threshold,門限
atresia,閉鎖
Lecture,開講
Leisure,閑居
Sinecures,閑職
Leisurely,閑雅
Interlude,間奏
Cabinet ministers,閣僚
Cabinet meeting,閣議
Disaster Prevention,防災
surrender,降伏
demotion,降格
weeding,除草
petition,陳情
potter,陶工
Land transportation,陸運
Yang Yan,陽炎
barrier,障壁
Masato,雅人
Intensive,集約
daisy,雛菊
Weaning,離乳
clutch,離合
Imperial Villa,離宮
outlying islands,離島
Difficult to understand,難解
rain gear,雨具
Mica,雲母
Thunderbird,雷鳥
Potential,電位
Charge,電荷
ionization,電離
epicenter,震源
earthquake,震災
frost and snow,霜雪
Non-nuclear,非核
Criticism,非難
resemblance,面影
Kurama,鞍馬
castigate,鞭撻
tuning fork,音叉
Range,音域
temperament,音律
sound waves,音波
tone deaf,音痴
pitch,音程
Speed ​​of Sound,音速
rhythm,韻律
verse,韻文
Top hat,頂戴
Ranking,順位
Sequential,順次
setbacks,頓挫
Possession,領有
skull,頭蓋
Head,頭角
Head-heavy,頭重
Frequency,頻度
Classified Books,類書
concern,顧慮
scenery,風光
terroir,風土
Feng Shui,風水
Wind Point,風穴
Rumor,風聞
Feng Zhi,風致
Wind evil,風邪
dashing,颯爽
Scattering,飛散
Droplets,飛沫
food,食料
ingredients,食材
hunger,飢餓
Feeding,飼育
Bakery,餅屋
beekeeping,養蜂
Hungry Ghost,餓鬼
Farewell,餞別
Feast,饗宴
first place,首位
First round,首輪
Horse harness,馬具
Ma Zi,馬子
red deer,馬鹿
residency,駐留
ribs,骨子
Bone Method,骨法
Skeleton,骸骨
high interest,高利
Renowned,高名
parents,高堂
elderly,高年
Pride,高慢
Higher,高次
Senior Student,高足
Gao Mai,高邁
Monsters,魍魎
witch,魔女
Demonic,魔性
fishmeal,魚粉
Fresh,鮮烈
Whale Wave,鯨波
𫚕,鰤
Mai,麻衣
three-way,鼎立
eardrum,鼓膜
snot,鼻水
Disputes,齟齬
