en,ja
# 0,# 0
Year,年
day,日
department,部
moon,月
big,大
Book,本
one,一
out,出
outside,外
Note,注
middle,中
people,人
foot,脚
eye,目
country,国
Seki,関
even,連
OK,行
back,後
name,名
born,生
hour,時
superior,上
combine,合
generation,代
same,同
meeting,会
become,成
land,地
Departure,発
study,学
field,場
now,現
high,高
stand,立
long,長
Writer,者
between,間
Place,所
open,開
child,子
enter,入
case,事
do,作
point,分
arts,文
host,主
exist,在
Inside,内
History,歴
Down,下
East,東
new,新
forward,前
item,項
Pass,通
male,公
city,市
Certainly,定
want,要
Ginseng,参
first time,初
No.,第
Complete,全
since,自
hand,手
Company,社
use,用
Industry,業
thing,物
by,以
when,当
word,語
Small,小
surface,表
move,動
remember,記
most,最
of,的
Mode,式
direction,方
field,田
Home,家
Mountain,山
and,和
body,体
Body,身
prefecture,県
reason,理
bright,明
set up,設
change,化
Expect,期
Come,来
Temperament,経
road,道
world,世
Yuan,元
Test,考
flat,平
river,川
fruit,実
many,多
look,見
times,回
add,加
field,野
versus,対
War,戦
Original,原
special,特
north,北
three,三
number,数
painting,画
Bit,位
by,受
degree,度
Dictionary,典
Britain,英
history,史
common,共
Book,書
Knot,結
West,西
live,活
Service,務
just,正
sex,性
Pick,取
Beijing,京
select,選
Place,置
system,制
Overview,概
member,員
rule,治
two,二
Know,知
he,他
set,集
beginning,始
edge,際
Group,組
Edited,編
Product,品
Continued,続
force,力
Law,法
have,有
Number,号
offer,献
make,使
another,別
wait,等
hold,持
With,付
Second-rate,次
machine,機
female,女
close,近
refer to,指
point,点
sea,海
All,都
school,校
island,島
No.,番
Genus,属
No,不
boundary,界
district,区
gold,金
say,称
Record,録
Heavy,重
teach,教
South,南
pay,交
Enter,進
noodle,面
strange,変
end,終
water,水
Heart,心
tree,木
shape,形
have to,得
about,約
god,神
village,村
List,覧
Towards,向
able,能
Wide,広
Save,保
mouth,口
town,町
meaning,意
untie,解
profit,利
shift,移
Word,言
air,気
civil,民
letter,信
Again,再
excellent,優
Role,役
Politics,政
version,版
Wire,線
Newspaper,報
play,演
Total,総
Depend on,由
Revenue,収
state,州
Sell,売
straight,直
base,基
fruit,果
Mr.,様
none,無
Group,団
change,改
male,男
lead,引
put,放
flow,流
few,少
sky,天
deliver,送
live,存
easy,楽
Door,門
Mutually,相
theory,説
install,安
luck,運
often,常
Decision,決
call,呼
Structure,構
Scholar,士
too,太
beautiful,美
appoint,任
tower,台
count,計
system,系
First,先
Transfer,転
antiquity,古
righteous,義
sound,音
work,工
well,井
Production,産
technique,術
Affection,情
hospital,院
Transmission,伝
grid,格
end,止
Museum,館
rise,起
question,題
retreat,退
make,造
real,真
Victory,勝
drop,降
branch,支
week,周
Light,光
stone,石
division,科
Deng,登
match,配
tune,調
each,各
like,愛
shop,屋
Education,育
Pass,過
Shi,施
Wisteria,藤
die,死
car,車
Bureau,局
System,統
research,研
Zhao,昭
Can,可
soil,土
domain,域
powerful,強
Cooperation,協
Condition,状
road,路
Business,営
Half,半
life,命
null,空
reflect,映
go,去
Technique,技
establish,建
song,曲
Lang,郎
hill,岡
loose,松
Type,型
Made,製
Preparation,備
king,王
kind,種
Rights,権
story,話
palace,宮
recognize,認
build,修
Show,示
live,住
Fee,料
Wear,著
Contains,含
Research,究
limit,限
Da,達
Response,応
taste,味
shadow,影
valley,谷
morning,朝
catch,接
good,良
Wu,武
white,白
Wear,着
military,軍
alone,独
and,及
give,予
Leave,離
Character,字
division,師
ask,問
garden,園
Discussion,議
Ten thousand,万
over,完
Supervisor,監
Prefecture,府
Both,両
different,異
cut,切
blessing,福
read,念
electricity,電
Funding,資
Song,歌
Tie,係
Even,更
Successor,継
shop,店
Old,旧
iron,鉄
Graduate,卒
slightly,略
parent,親
Residual,残
head,頭
Included,込
Allow,容
door,戸
discipline,紀
now,今
wind,風
single,単
View,観
Special,専
ten,十
burden,担
End,末
award,賞
complex,復
figure,図
side,側
Zuo,佐
city,城
Tube,管
Creation,創
and,与
feet,足
leaf,葉
bridge,橋
husband,夫
green,青
opposite,反
River,江
age,歳
for,供
fall,落
between,介
Four,四
carry,提
tribe,族
guide,導
room,室
county,郡
Side,辺
Ferry,渡
thousand,千
kind,類
state,態
exhibition,展
Saki,崎
lucky,吉
official,官
think,思
Ride,乗
regulation,規
father,父
crowd,衆
Got it,了
load,載
he,彼
Enterprise,企
Argument,論
urge,催
General,般
help,助
river,河
along,沿
good,好
Bo,博
try,試
Inspection,査
Long,久
Increase,増
Chase,追
manage,司
business,商
color,色
Comment,評
Job,職
ring,響
foreign,洋
leather,革
Process,程
Description,述
Yes,確
Central,央
Return,帰
allow,準
Service,仕
example,例
Follow,従
mother,母
spring,春
horse,馬
pieces,件
Supervisor,督
not yet,未
indivual,個
feeling,感
station,駅
Explanation,釈
Judgement,判
rice,米
Experience,験
Appointment,挙
According to,照
Volume,巻
five,五
Around,頃
open,張
Fight,争
No,非
tell,告
Committee,委
performance,績
Compare,比
lose,失
forest,森
Pack,装
land,陸
must,必
membership,籍
Forest,林
flower,花
Break,断
soldiers,兵
quality,質
Waste,廃
class,級
Province,省
smell,聞
remove,除
prosper,興
think,想
companion,伴
friend,友
Food,食
repair,補
cast,投
beside,横
remove,消
territory,境
male,雄
Art,芸
Next day,翌
band,帯
clear,清
See,視
black,黒
ambition,志
Pawn,歩
Attack,撃
eight,八
Price,価
seat,座
At once,就
Protect,護
picture,像
thin,細
Stream,沢
Guard,守
done,済
group,派
strip,条
collar,領
Yi,伊
root,根
quantity,量
ball,球
split,割
Full,満
Ran,然
List,列
Urgent,急
push,推
elephant,象
Device,器
every,毎
Fast,速
like,若
Temple,寺
Defend,防
Rate,率
Harmful,害
white,素
night,夜
Osaka,阪
Of,之
Hall,堂
break,破
dance,舞
deep,深
mold,模
make,令
Keep,留
tail,尾
voice,声
morning,早
product,積
Disaster,難
Will,将
Tianjin,津
Momentum,勢
forever,永
rock,岩
Residence,居
Library,庫
guard,衛
send,寄
Customer,客
magazine,誌
Weaving,織
Wave,波
red,赤
and,併
head,首
what,何
source,源
Difference,差
autumn,秋
rich,富
Signs,徴
drama,劇
Grant,授
see,望
circle,円
defeat,敗
star,星
O,御
Journey,旅
Reading,読
short,短
cross,越
show,秀
horn,角
all,整
case,案
summer,夏
Virtue,徳
storehouse,蔵
Standard,標
Complex,複
fire,火
Floor,階
Walk,走
sick,病
Ken,健
beg,求
achievement,功
Chennai,奈
Low,低
Vibration,振
beat,打
Construction,築
evil,悪
pole,極
ring,環
right,右
speak,講
Violation,違
Team,隊
Yutaka,豊
Traces,跡
Extension,延
aid,援
for,替
Tree,樹
attack,攻
Far,遠
left,左
Examination,検
KK,株
Positive,陽
Write,写
fly,飛
part,段
Enclosure,囲
younger brother,弟
Publication,刊
Material,材
chapter,章
burden,負
next,隣
Pick,採
Hundred,百
warehouse,倉
overtake,超
kill,殺
I,私
fortunate,幸
habit,習
Base,拠
week,週
slope,坂
Gain,獲
sudden,突
dense,密
rough,雑
Wealth,財
beach,浜
end,端
way,途
Competition,競
order,順
return,返
Observation,察
city,街
fragrant,香
inside,里
Change,換
silver,銀
back,背
class,課
detailed,詳
child,児
scene,景
word,詞
Death,亡
stop,停
proof,証
Extract,抜
general,普
keep,養
and,並
Calculate,算
to,至
ball,玉
house,房
Work,働
plate,盤
wife,妻
shore,岸
knowledge,識
magnificent,華
talk,談
port,港
Measures,策
Effective,効
Resignation,辞
breath,息
Handling,扱
marriage,婚
Place,処
police,警
various,諸
Yao,曜
stop,休
Circle,丸
emperor,帝
treat,待
condition,況
Scattered,散
Return,戻
Boat,船
jump,躍
Trafficking,販
Congratulations,賀
only,徒
Therefore,故
Zong,宗
Refined,精
reason,訳
Absolute,絶
medical,医
expensive,貴
Description,描
Noboru,昇
Kang,康
festival,祭
Nine,九
Hiko,彦
older brother,兄
Pool,池
precious,宝
Township,郷
six,六
Legacy,遺
Fight,闘
Yu,宇
Excitement,激
group,群
because,因
spring,泉
simultaneous,兼
home,宅
cloth,布
May,許
daughter,娘
reduce,減
Sakae,栄
Cheng,承
for,為
Shao,紹
Rapids,瀬
Saint,聖
hot,熱
chaos,乱
hang,掛
width,幅
screen,幕
good,善
vice,副
visit,訪
Awakening,覚
Megumi,恵
Hiroshi,弘
Grass,草
Similar,似
Agriculture,農
Reliance,頼
pieces,枚
Sheng,盛
Blood,血
Convenience,便
plate,板
welcome,迎
Festival,節
Tool,具
Expansion,拡
Posted,掲
bird,鳥
young,幼
Take off,脱
inn,宿
Agency,庁
Xuan,宣
quiet,静
Execution,執
Deed,契
minister,臣
suitable,適
without,没
print,印
Alliance,盟
paper,紙
love,恋
house,舎
figure,姿
seven,七
bamboo,竹
tour,遊
Destruction,滅
seat,席
state,邦
Break,壊
reverse,逆
Clothes,服
Diligence,勤
Mr.,氏
close,閉
but,則
plant,植
Exploration,探
carry,携
Give,給
Hou,候
Ura,浦
bullets,弾
anti-,抗
Naka,仲
Air,航
birth,誕
pure,純
pinch,撮
fall,倒
happiness,喜
Mound,塚
avoid,避
pressure,圧
Takashi,隆
feather,羽
Man,丁
Danger,険
Emperor,皇
picture,絵
dream,夢
temperature,温
stretch,伸
old,老
back,裏
fee,費
quilt,被
occupy,占
catch,捕
only,唯
solid,固
scratch,傷
piece,片
Pen,筆
Ancestor,祖
secret,秘
Conclusion,締
Labor,労
Light,軽
Attack,襲
mix,混
also,也
Loyalty,忠
dew,露
Yutaka,裕
Danger,危
medicine,薬
practice,練
garden,庭
bell,鈴
apply,敷
younger sister,妹
Kanade,奏
wave,揮
First,甲
now that,既
purchase,買
easy,易
Remain,余
wheel,輪
lose,輸
escape,逃
tentative,仮
value,値
barrier,障
Nozomi,希
you,君
Man,漫
Pro,臨
ban,禁
Fan,範
according to,依
fold,折
Benevolence,仁
Dry,幹
wisdom,智
patrol,巡
arrow,矢
valve,弁
willing,願
Oku,奥
blow,吹
yellow,黄
Judgment,裁
Celebration,慶
save,救
Hold,操
Drive,駆
magic,魔
Bay,湾
dragon,龍
carve,刻
face,顔
sister,姉
party,党
enemy,敵
shoot,射
disaster,災
Jian,鑑
Shun,俊
bitter,苦
numb,麻
Treatment,療
Comparison,較
mutual,互
please,請
Test,測
seize,奪
trick,招
Introduction,緒
Ya,涯
shortage,荒
Ah,阿
owe,欠
deer,鹿
discuss,討
season,季
dimension,維
Repeat,繰
punishment,刑
dye,染
Clothes,衣
layer,層
cherry blossoms,桜
distance,距
edge,縁
winter,冬
bet,押
Strict,厳
no,否
Philosophy,哲
crime,罪
hug,抱
Bear,熊
Grilled,焼
burst,爆
rice,稲
huge,巨
touch,触
law,律
Sing,唱
I,我
Qi,岐
suspect,疑
lure,誘
Hidden,隠
Na,納
cedar,杉
filial piety,孝
lol,笑
Haiku,俳
liquor,酒
Review,審
strange,奇
Yori,譲
Violence,暴
Traditional,繁
Must,須
Listening,聴
elegant,雅
pair,双
amount,額
Thickness,厚
weak,弱
shallow,浅
cloud,雲
life,寿
Decoration,飾
sub,亜
Formation,陣
all,均
dark,暗
Sincerity,誠
grandchild,孫
temple,殿
# 1000,# 1000
respect,敬
Sleepy,困
Oki,沖
stationed,駐
fear,恐
Slow,遅
Ze,澤
batch,批
Tea,茶
simple,簡
Rei,礼
green,緑
reputation,誉
snow,雪
Shigeru,茂
Shine,輝
Korea,韓
Hiroshi,浩
Strange,怪
Guan,貫
beneficial,益
dragon,竜
bundle,束
Shrink,縮
Hao,豪
state,申
moat,堀
responsibility,責
meat,肉
area,圏
Europe,欧
instrument,儀
Courage,勇
rain,雨
woman,婦
tribute,貢
hair,毛
Self,己
Mu,牧
Choice,択
Buddha,仏
bills,札
arrive,到
cold,冷
Network,絡
Hiroshi,寛
fresh,鮮
twilight,暮
shelf,架
Send,遣
waived,免
color,彩
quick,快
charge,充
Pattern,柄
clear,晴
child,童
sand,砂
offender,犯
Foundation,礎
hill,丘
constitution,憲
age,齢
spirits,霊
end,底
withdraw,撤
willow,柳
return,還
Confusion,惑
poetry,詩
suck,吸
interest,趣
collapse,崩
liquid,液
pick,挑
To,致
Invasion,侵
shock,震
pour,傾
bone,骨
loss,損
Chang,昌
tread,踏
talent,才
Swamp,沼
Department,署
crown,冠
float,浮
Payment,払
seal up,封
disease,症
lake,湖
Pick,摘
force,迫
100 million,億
raise,募
Chinese,漢
wall,壁
meal,飯
salt,塩
Pavilion,閣
princess,姫
Akira,彰
goods,貨
Min,敏
Mount,摩
who,誰
double,倍
Macro,宏
logic,筋
frame,枠
purchase,購
Needle,針
Praise,賛
drink,飲
but,却
surname,姓
latitude,緯
still,尚
fish,魚
answer,答
Toru,徹
concentrated,濃
Bag,包
Right now,即
rush,衝
Bo,伯
special,殊
Space,宙
crane,鶴
error,誤
sword,剣
mail,郵
Lock,鎖
load,荷
include,括
buried,埋
Thai,泰
flag,旗
Trust,託
Litigation,訴
Training,訓
plum,梅
Lang,朗
arm,腕
melt,融
Zun,尊
tide,潮
Domain,藩
Immortal,仙
Sign,征
evening,夕
floor,床
Search,索
rope,縄
View,閲
No,嫌
turn,翻
Burning,燃
recessed,陥
take,搭
Risk,冒
Mi,弥
Oil,油
prick,刺
Saitama,埼
Wei,威
branch,枝
Skin,皮
Second,秒
Narrow,狭
Suppression,抑
Analysis,析
inflammation,炎
Extension,拓
town,鎮
wing,翼
sequence,序
draft,稿
red,紅
Gift,贈
virtuous,賢
Eye,眼
Yu,祐
Fu,伏
ghost,鬼
pear,梨
Shiba,芝
Negative,陰
That,那
ticket,票
ride,騎
Shibu,渋
Dry,干
spectrum,譜
colleagues,僚
Gu,顧
dog,犬
noon,午
cut,削
Fang,芳
ship,艦
turtle,亀
vegetable,菜
field,畑
grave,墓
session,届
consider,慮
Phi,披
Thanks,謝
auxiliary,輔
Search,捜
Soup,湯
Row,排
Zhen,貞
good,佳
anger,怒
Wataru,渉
mirror,鏡
Checkmate,詰
generation,輩
want,欲
Xiang,祥
Ming,鳴
Myo,妙
abandoned,棄
I,吾
Kei,啓
brain,脳
wish,祝
Store,舗
Reject,拒
fan,迷
Do,尽
nuclear,核
gun,銃
latent,潜
window,窓
chrysanthemum,菊
sad,悲
ox,牛
ear,穂
Feng,奉
Just,剛
Dominance,覇
burial,葬
gun,砲
Jane,珍
Then,遂
Jia,嘉
borrow,借
thief,盗
like,如
Hitoshi,斉
move,遷
stomach,腹
tax,税
lagoon,潟
Page,頁
Luo,羅
Shen,沈
Connection,繋
Thin,薄
Saki,咲
net,網
crack,裂
top,頂
Should,該
ticket,券
tight,緊
vertical,縦
jurisdiction,轄
gram,克
spy,狙
Separation,隔
hat,笠
dig,掘
hair,髪
Recommended,勧
peach,桃
Mechanical,械
vulgar,俗
side,脇
Article,篇
Past,往
look,看
Table,卓
Sai,斎
rail,軌
acid,酸
sand,沙
wall,垣
Korea,麗
micro,微
illusion,幻
calendar,暦
pain,痛
So,乃
wave,浪
Isamu,勲
Volume,冊
In season,旬
Attachment,附
Aware,顕
stagnation,滞
Dan,丹
Enjoy,享
insect,虫
Resistance,耐
tower,塔
I,僕
seek,謀
pulse,脈
Follow,随
Noisy,騒
Suburbs,郊
Take,岳
milk,乳
grip,握
peak,峰
waterfall,滝
promote,促
prison,獄
Heng,恒
Jun,淳
chestnut,栗
night,晩
Xu,徐
through,透
boast,誇
Recommended,奨
cup,杯
Worry,悩
mysterious,玄
Detective,偵
hire,雇
Examination,診
cover,覆
brush,刷
box,箱
Island,嶋
Villa,荘
wash,洗
Purple,紫
order,訂
bath,浴
Memory,憶
Encounter,遇
copper,銅
Noble,爵
Several,幾
Tolerate,忍
soft,柔
shaft,軸
Suffer from,患
again,又
Abandon,捨
add,添
frequency,頻
used,慣
Insert,挿
hole,穴
sleep,眠
beast,獣
poison,毒
ignorance,昧
Nu,努
Arrive,抵
sickle,鎌
Great,棒
Pseudo,偽
Caution,慎
Bow,拝
mad,狂
knife,刀
Fan,凡
Bright,亮
Search,尋
Mystery,謎
Outline,綱
Compilation,纂
bag,袋
Flag,幡
diameter,径
build,筑
suffered,遭
Encourage,励
Piece,駒
kindness,恩
purpose,旨
noon,昼
Look up,仰
loan,貸
This,箇
Suga,菅
eat,喫
Hole,洞
catch,逮
umbrella,傘
pillar,柱
hood,幌
firewood,柴
feed,飼
cram school,塾
Fang,坊
Yang,揚
slip,滑
nights,泊
Sho,翔
village,庄
chest,胸
grind,磨
long ago,昔
thunder,雷
Compensation,償
teeth,歯
Ambiguous,曖
Earning,稼
Tang,唐
ice,氷
Asahi,旭
Sleep,寝
shock,驚
Zai,哉
Study,勉
Yi,逸
hanging,懸
Enlightenment,悟
worship,崇
crystal,晶
forget,忘
hold,挟
Abstinence,戒
ear,耳
sweet,甘
all,皆
instant,瞬
Account,帳
fear,怖
decline,衰
Inscription,銘
cat,猫
mulberry,桑
charcoal,炭
even,偶
Hunting,狩
Rui,瑞
incline,斜
soul,魂
ploughing,耕
beans,豆
Charm,魅
Narrative,叙
storm,嵐
Nearby,傍
Dance,踊
country,國
solitary,孤
Lu,呂
slow,緩
Fu,阜
hard,硬
height,丈
control,控
lamp,灯
Paint,塗
Second,乙
Ting,廷
Agent,剤
Jian,堅
shoulder,肩
dawn,旦
Tiger,虎
light,淡
Diamond,菱
Kei,圭
cool,酷
resistance,阻
Chen,辰
cooked,熟
shake,晃
Takumi,匠
butt,尻
Dong,棟
Run,潤
go,赴
Mausoleum,陵
Clean,浄
poor,貧
strong,烈
Hold,擁
Qu,屈
monument,碑
monk,僧
Dry,乾
Lu,禄
sentence,句
Spin,旋
nest,巣
plum,李
bow,弓
cylinder,筒
fishing,漁
lotus,蓮
thread,糸
Aya,綾
fierce,猛
Shino,篠
tears,涙
Completed,竣
inferior,劣
Welfare,祉
Young,稚
Fat,肥
Nourish,滋
Kudzu,葛
thorns,茨
Fen,紛
plug,塞
Residence,邸
colonization,殖
bosom,懐
steel,鋼
Lieutenant,尉
Cassia,桂
Threat,脅
recommend,薦
I,俺
mine,鉱
Crossing,辻
slaughter,宰
samurai,侍
Paulownia,桐
oak,柏
lines,紋
Money,銭
organs,臓
Set,摂
wife,嫁
Liang,梁
Humility,謙
orchid,蘭
fight,斗
darkness,闇
Lun,倫
Dun,敦
cold,涼
Penalty,罰
Capital,畿
Cry,泣
Continent,洲
dissolve,溶
So,曽
Dirty,汚
fist,拳
Yu,悠
guy,奴
shoe,履
evil,邪
book,簿
cold,寒
Eaves,軒
intuition,勘
Summon,召
beads,珠
Sharp,鋭
Jin,晋
slow,慢
Stylish,粋
Gong,恭
Training,培
swimming,泳
Hanging,垂
Spicy,辛
measures,措
Cheng,澄
silence,黙
cigarette,煙
eagle,鷹
uncle,叔
pavilion,亭
Play,戯
soft,軟
pray,祈
clump,叢
Ash,灰
Jing,靖
Erection,勃
demon,妖
Atsushi,篤
Virtual,虚
Boat,舟
need,需
Match,揃
Su,蘇
sweep,掃
waist,腰
Shake,揺
pink,粉
Tochigi,栃
string,弦
Pre,預
harm,妨
oath,誓
Satoshi,聡
Bias,偏
Concubine,妃
arrest,拘
Cao,曹
media,媒
Kindness,慈
egg,卵
heir,嗣
Fiji,斐
Dip,浸
Carving,彫
Noh,謡
cut,斬
Wu,呉
List,陳
Zhu,朱
inch,寸
Rent,賃
disease,疾
Present,呈
Seedling,苗
fog,霧
animals,匹
rather,寧
Shun,駿
Kaoru,薫
Great,偉
should,宜
Qin,琴
Storage,貯
strong,壮
cell,胞
sacrifice,犠
Confectionery,菓
Hagi,萩
Iso,磯
Fervent,奮
rare,稀
class,班
instigate,唆
Steam,蒸
trade,貿
Abuse,虐
ditch,溝
but,但
nose,鼻
thief,賊
Qing,卿
Jay,傑
mud,泥
Practice,践
Hou,侯
Call,叫
magnetic,磁
boat,艇
unsettled,憧
symbol,符
shellfish,貝
Yuan,媛
wide,廣
Atmosphere,雰
Valley,渓
smoke,抽
Palm,掌
Sacrifice,牲
appearance,貌
say,曰
move,搬
Brocade,錦
drunk,酔
Calm,穏
Shu,庶
Club,倶
Accumulation,蓄
embankment,堤
rumor,噂
base,塁
knock,叩
sparse,疎
cut,伐
slave,隷
altar,壇
naked,裸
monkey,猿
vertebrae,椎
funeral,喪
Swelling,膨
wet,湿
allow,准
Ping,坪
decree,諭
quiet,幽
shield,盾
door,扉
Stubborn,頑
burnt,焦
fishing,釣
cage,籠
gorge,峡
tame,馴
chant,唄
bamboo grass,笹
True,眞
arc,弧
catch,捉
Corruption,腐
only,僅
dare,敢
warm,暖
temporarily,暫
skillful,巧
Joy,歓
friend,朋
Si,巳
Fatigue,乏
Sacrifice,祀
miserable,惨
debt,債
vomit,吐
Wolf,狼
Akatsuki,暁
plant,栽
bud,芽
pickup,拾
Sa,薩
Kiyoshi,潔
habit,癖
spray,噴
kettle,釜
rainbow,虹
pig,猪
remote,遥
flutter,撲
Abyss,淵
Admiration,慕
pottery,陶
yarn,紗
bell,鐘
yes,是
Cattail,蒲
pupil,瞳
digit,桁
No good,駄
skin,肌
leak,漏
Follow,循
sail,帆
sugar,糖
Pregnancy,妊
answer,應
blue,藍
art,藝
Qin,秦
Rei,玲
peel,剥
tired,累
twist,絞
Depression,郁
Curse,呪
Miss,嬢
freeze,凍
Takeshi,毅
key,鍵
Tachibana,橘
Pan,磐
At,於
fan,扇
snake,蛇
wheat,麦
rotten,朽
lie,嘘
Yu,佑
mountain pass,峠
drum,鼓
hatred,讐
Surplus,剰
kick,蹴
rank,秩
membrane,膜
nephew,甥
sorrow,哀
flood,洪
Jump,跳
back,后
Only,隻
apricot,杏
Forging,鍛
Kaji,梶
fierce,凶
Praise,讃
noise,喧
Cang,蒼
comfort,慰
corner,隅
foot of the mountain,麓
sheep,羊
avoid,忌
Simulation,擬
Joy,悦
grain,粒
Every,逢
gap,隙
lung,肺
by,逐
ridge,嶺
tired,疲
dormitory,寮
Fiber,繊
leaf,叶
hold,捧
stick,粘
fall,墜
Kun,昆
Litigation,訟
strip,條
Captive,虜
Limbs,肢
bee,蜂
bacteria,菌
liver,肝
bet,賭
regret,悔
tongue,舌
Imperial Rescript,勅
cotton,綿
Cute,萌
Crushed,砕
Pull,牽
collapse,潰
gutter,樋
pivot,枢
sparrow,雀
camphor tree,楠
Binding,縛
Affix,綴
watt,瓦
fat,脂
Give,賜
according to,据
habitat,棲
Hermitage,庵
letter,函
reed,芦
Passing away,逝
Banquet,宴
Bile,胆
sigh,嘆
Prisoner,囚
torso,胴
phoenix,鳳
poverty,窮
pot,鍋
Zen,禅
knees,膝
blade,刃
Ni,尼
Healing,癒
hollow,窪
Guo,郭
cap,帽
praise,褒
ship,舶
promise,諾
hunting,猟
building,楼
shame,恥
trillion,兆
share,股
bond,絆
build,蓋
粛,粛
livestock,畜
shell,殻
almost,殆
resemble,肖
Bundle,把
stick,貼
Aoi,葵
ever,曾
pull out,擢
Wow,嘩
broadcast,播
Hate,憎
Falcon,隼
makeup,粧
worry,憂
Qi,戚
column,欄
bottle,瓶
legitimate,嫡
drift,漂
Tun,屯
Beat,殴
pregnant,娠
Hu,胡
Mutsumi,睦
Punishment,懲
Sakai,堺
Harvesting,刈
desert,漠
eagle,鷲
mourning,悼
shelf,棚
chair,椅
Note,註
Eat,喰
shoot,拍
Liu,劉
hole,孔
whistle,笛
shoes,靴
duck,鴨
wrong,錯
Ryukyu,琉
butterfly,蝶
free time,暇
Tomi,冨
cancer,癌
mark,痕
cherry,櫻
Song Dynasty,宋
son-in-law,婿
gallery,廊
Ling,凌
ink,墨
pot,盆
valve,閥
Minoru,稔
Epidemic,疫
Li,莉
nail,爪
Back,遡
coast,濱
very,甚
study,學
ribbon,綬
whip,鞭
Bodhisattva,菩
Wu,烏
cape,岬
Garden,苑
suffer,挨
saddle,鞍
intestines,腸
拶,拶
zero,零
gentry,紳
disgrace,辱
Run,奔
Mata,俣
To,宛
suddenly,遽
Remuneration,酬
inexpensive,廉
Smelly,臭
Friendly,懇
ruler,尺
tooth,牙
cliff,崖
hatred,恨
lion,獅
pick,諏
Turn,廻
Dark circles,隈
trick,伎
Tsuki,槻
Regret,惜
Hanging,吊
Grab,掴
Heng,衡
Imitation,倣
Male,牡
grain,糧
provoke,惹
meaning,諦
dry,燥
Fuchi,渕
Liao,遼
Ten thousand,萬
sleeve,袖
wipe,抹
Summon,喚
Post,帖
Ru,瑠
yesterday,昨
currency,幣
all over,遍
frustration,挫
Tan,譚
Get,貰
stupid,愚
withered,枯
skeleton,骸
spear,矛
# 2000,# 2000
indistinct,惚
skin,膚
Hunan,湘
thick,粗
Ogi,荻
persimmon,柿
Du,杜
Urine,尿
yeast,酵
Across,跨
Ren,錬
Trace,辿
Field,畠
haze,霞
amnesty,赦
grave,墳
Chant,詠
cover,遮
slip,溜
Mine,峯
Amazing,凄
pay,賠
Luo,洛
tatami,畳
Li,黎
humble,卑
mortar,臼
General,汎
help,扶
pigeon,鳩
trap,罠
Yi,夷
descendants,裔
overflow,溢
fast,迅
-bar,巴
Wataru,亘
entanglement,纏
Taka,髙
steam,汽
gun,槍
drowning,溺
swell,腫
Mongolian,蒙
valley,穀
brown,褐
Tiao,妥
bully,欺
Rest,憩
Mou,牟
Abduction,拐
chess,棋
Awake,醒
waterfall,瀧
idiot,痴
barrel,樽
busy,忙
Brewing,醸
precipitate,淀
juice,汁
lonely,寂
piece,塊
Shu,淑
copy,抄
camellia,椿
Dun,頓
Yang,楊
cave,窟
magnolia,茅
Condensation,凝
Yi,邑
Park,朴
Cou,湊
panic,慌
seam,縫
handsome,帥
yeah,耶
draw,汲
hide,匿
hook,勾
scold,叱
Enoki,榎
Land,壌
chatter,喋
female,雌
Hire,聘
chicken,鶏
Prime Minister,丞
Wei,魏
Play,玩
surge,湧
delusion,妄
mother-in-law,婆
fort,砦
habitat,栖
post,哨
bank,畔
can,缶
eaves,庇
Tuo,陀
saki,﨑
companion,侶
Storage,儲
Bi,碧
Written,撰
furnace,炉
hungry,飢
lead,鉛
Wear,戴
silk,絹
Yin,寅
cook,煮
Yan,焉
fear,惧
you,爾
sleep,睡
Swallow,燕
bloom,綻
prosperous,旺
navy blue,紺
Elimination,汰
Kay,凱
Sakaki,榊
sulfur,硫
pilgrimage,詣
Fraud,詐
Bite,噛
pull,拉
Ji,稽
tip,尖
blind,盲
dish,皿
idle,閑
By,憑
jealous,妬
So,惣
cheat,騙
Bi,璧
Casting,鋳
Zhao,趙
feed,餌
bribe,賄
Stand,峙
reef,礁
That,其
wipe,擦
moisten,濡
full,飽
paint,漆
fast,齋
stem,茎
hatred,仇
spot,斑
Gaze,眺
blunt,鈍
Tate,舘
Instructions,嘱
Stomach,胃
Play,扮
beach,灘
Unloading,卸
Glass,璃
fetal,胎
depression,鬱
crooked,歪
Ka,伽
Wei,薇
bale,俵
Spinning,紡
Mo,莫
Ode,謳
pot,鉢
pig,豚
marriage,姻
fall,堕
pillow,枕
trace,踪
Iwao,巌
smelting,冶
Ken,肯
heat,暑
Qi,綺
Entertainment,娯
Packing,梱
mediocre,庸
Jealousy,嫉
Official,吏
Azusa,梓
evil,姦
Qiang,薔
Only,祇
Consumption,耗
anger,憤
Hiroshi,紘
prison,牢
Teng,騰
or,或
disaster,禍
firefly,蛍
martyrdom,殉
vortex,渦
relief,賑
Confucianism,儒
Lin,麟
alley,弄
dust,塵
millet,粟
stains,漬
walking stick,杖
honey,蜜
side,邊
dissection,剖
one,壱
Hajime,肇
Smell,匂
factory,廠
Weng,翁
Oak,樫
ellipse,楕
throat,喉
marrow,髄
Heng,亨
faint,昏
female,牝
taboo,諱
Hong,鴻
lazy,怠
ulcer,瘍
birch,樺
fill,填
meeting,會
altar,檀
scale,鱗
Tide,汐
jaw,顎
fox,狐
gloss,艶
Bubble,泡
sweetfish,鮎
maple,楓
Zheng,鄭
Addiction,嗜
string,串
Drink,呑
groove,槽
Harsh,苛
heap,堆
near,瀕
Gain,穫
iron,鐵
emerald,翠
stem,梗
dog,狗
joke,冗
still,猶
beard,髭
Qin,欽
polish,琢
Joe,喬
armor,鎧
dustpan,箕
melon,瓜
niece,姪
Disadvantages,弊
twist,捻
caress,撫
Go,碁
stable,厩
peep,窺
fork,叉
Kuang,匡
Wisdom,慧
temple,廟
Imitation,彷
smear,蔑
Meng,孟
skirts,裳
vehicle,輌
secretion,泌
turbidity,濁
play,嬉
Fu,芙
lips,唇
Rin,凛
suffocation,窒
sun,晒
ridge,脊
paralysis,痺
Chant,吟
drag,曳
Rong,蓉
Consultation,諮
boiling,沸
elbow,肘
scold,罵
Tan,坦
Cloudy,曇
Kan,堪
deep,冥
witch,巫
Jasmine,茉
certain,某
sweat,汗
Meal,膳
Wu,伍
kidney,腎
Chi,馳
cloud,云
Cormorant,鵜
Abuse,濫
Japanese cypress,檜
beg,乞
Chu,楚
pestle,杵
madder,茜
salary,俸
kinky,淫
lamp,燈
disaster,厄
Ridge,稜
Algae,藻
Got it,瞭
drink,喝
quite,蛮
Tadashi,禎
Copy,拷
boom,轟
quite,挺
pot,壺
Beach,渚
spy,諜
Editor,輯
Caution,謹
pomelo,柚
lock,錠
blame,怨
Ga,迦
Knight,侠
whale,鯨
life,壽
thirst,渇
hold head high,昂
Dong,董
mustard,芥
Hungry,餓
Xi,熙
cowardly,怯
eyebrow,眉
cavity,腔
gland,腺
Insult,侮
string,紐
Yue,嶽
Sae,冴
Yin,胤
shield,蔽
smooth,暢
crisp,脆
Only,只
cake,餅
fan,煽
rabbit,兎
nail,釘
Circumvent,迂
flash,閃
allow,允
toughness,靭
feed,哺
you,麿
Guest,賓
bucket,桶
stay,呆
Rui,叡
Si,斯
commission,傭
play antics,揶
draw out,揄
correct,糾
irrigation,灌
neck,頸
roofing,葺
intercalary,閏
rhyme,韻
worry,愁
coffin,棺
trace,蹟
Lu,魯
Side,邉
Kui,魁
widowed,寡
覗,覗
Cooking,炊
sit,坐
rudder,舵
Ying,瑛
frost,霜
wait,伺
condolences,弔
Wu,戊
suffer,罹
machine,机
ax,斧
Aya,絢
Cool,爽
drop,滴
chick,雛
Xin,欣
Yu,喩
Dai,醍
heron,鷺
2,弐
drive,駕
醐,醐
fence,柵
bend,拗
Seri,芹
the ninth of the ten Heavenly Stems,壬
Jun,峻
rent,租
Pick,采
Happy,愉
towel,巾
Reality,實
Mi,彌
young,仔
this,此
Alliance,聯
shade,蔭
this,這
Chef,厨
comb,櫛
but,惟
noodles,麺
Repair,繕
concave,凹
Em,峨
cone,錐
admonish,諫
pull,挽
Bin,彬
basket,篭
spread,撒
Pet,寵
vine,蔓
screw,螺
Hangzhou,杭
weir,堰
Pipa,琶
pass,傳
lute,琵
pit,坑
stand,站
Mao,卯
Kui,揆
vinegar,酢
bother,煩
Rong,榮
Scarlet,緋
ugly,醜
palanquin,輿
Yin,尹
sac,嚢
pomegranate,榴
round,圓
benefit,惠
Come,來
Visit,謁
Shishi,宍
Fat,肪
shark,鮫
Thin,痩
Follow,遵
hem,裾
saltpeter,硝
calm,凪
posthumous title,諡
Yamato,倭
salty,咸
rotten,爛
hesitate,躊
Hesitation,躇
rub,揉
Yu,侑
crab,蟹
convex,凸
rules,掟
騨,騨
Huan,桓
soy sauce,醤
timid,臆
cheek,頬
pity,怜
C,丙
Shuo,朔
temple,祠
dark,晦
prayer,祷
flat,扁
geese,雁
Refining,煉
Toma,苫
Kushiro,釧
Moment,矩
Leopard,豹
potato,芋
Lift,升
gradually,漸
site,址
gravel,礫
squeeze,搾
startled,愕
bush,藪
collar,襟
lofty,嵯
pan-,氾
bass,噌
emblem,徽
Grandpa,爺
Creek,溪
pocket,兜
mouse,鼠
comet,彗
wipe,拭
Ke,珂
Jo,穣
and,且
tin,錫
false,訛
Summary,綜
Volume,嵩
tender,夭
rebuke,斥
pity,憐
remote,遙
stop,罷
core,芯
night,宵
orange,橙
Ruins,墟
proud,傲
turn,斡
Buddha,佛
side,舷
surprised,詫
forward,鋒
wash,濯
shave,剃
Osamu,脩
strength,勁
generous,慨
thorn,棘
spider,蛛
pier,桟
reed,葦
spider,蜘
carp,鯉
Dang,宕
edict,詔
rebel,叛
adjoin,毘
clay,埴
group,團
Buddha,彿
silkworm,蚕
meal,餐
tripod,鼎
Do,做
kiss,吻
exchange,彙
Xiang,襄
Crushed,轢
just,甫
stripes,縞
disgust,厭
prostitute,娼
Nagi,薙
Fu,賦
steal,窃
Qilin,麒
Sui Dynasty,隋
Predicate,謂
Ryo,諒
Oak,楢
Majesty,陛
Nine,玖
Card,牌
county,縣
fry,煎
Sacrifice,贄
Czech,捷
canal,渠
blame,咎
pious,虔
Peng,鵬
An,殲
muddy,渾
ridicule,嘲
Cai,蔡
concubine,妾
hammer,槌
Rowing,漕
Scraping,掻
screen,屏
trench,壕
Charm,媚
Correction,矯
bell,鍾
pharynx,咽
famine,饉
do not,勿
death of a prince,薨
hazel,榛
Brahma,梵
accompaniment,囃
kiln,窯
payment,款
Gao,皐
Lu,盧
body,躯
Hiiragi,柊
shrimp,蝦
To,緻
Obituary,訃
Island,嶼
sheath,鞘
Gather,聚
fold,摺
Gang,崗
hot,辣
story,噺
News,訊
puppet,傀
Xin,馨
destroy,毀
Ru,汝
hatch,孵
suddenly,奄
Throw,擲
Hakama,袴
Embed,嵌
ladder,梯
Puppet,儡
list,榜
Wu,渥
Peng,蓬
Zhejiang,浙
phoenix,凰
Apartment,寓
stuffy,悶
Cui,崔
mustached,偲
and,而
burn,焚
and,與
block,堵
plug,栓
climb,爬
Reclamation,墾
Glory,耀
hoof,蹄
ginger,姜
narrow,隘
fear,畏
Tip,梢
eclipse,蝕
rinse,漱
Sparkle,煌
Tao,濤
Cutting,苅
port,埠
漑,漑
sprinkle,洒
firewood,薪
shit,糞
Yao,堯
Shield,楯
kill,戮
Portuguese,葡
Man,曼
Maki,蒔
spell,拼
You,禰
Xun,遜
Vertical,竪
Muku,椋
punish,誅
lees,粕
bowl,丼
Purification,祓
raccoon dog,狸
wall,塀
saw,鋸
feast,饗
逓,逓
prostitute,妓
Smell,嗅
leg,腿
glue,膠
Fan,蕃
mother-in-law,姑
Grass,萱
Burn,灼
Akebono,曙
humble,拙
Maki,槇
accompany,陪
Whisper,囁
Rong,戎
After all,詮
Regent,閤
asthma,喘
bow,揖
Hee,煕
Lying,臥
fertile,沃
apple,檎
wear,穿
Hai,亥
Geng,庚
Yuan,袁
extravagant,奢
vent,洩
Strike,捗
Hoko,鉾
drop,雫
rib,肋
dysentery,痢
Fiery,熾
Resurrection,甦
chestnut,慄
Winding,紆
superfluous,贅
brake,刹
tendon,腱
moss,苔
Hayate,颯
Sono,薗
rust,錆
Should,筈
bark,吠
malt,麹
Atsushi,惇
fall from the sky,隕
Repeat,迭
Crumbs,屑
filial piety,悌
Mandarin orange,柑
dirt,垢
corpse,屍
Hanawa,塙
Hui,暉
Tibetan,藏
cheese,酪
Yong,雍
Mouth,嘴
bookmark,栞
envy,羨
Until,迄
Chaos,沌
large,碩
candy,飴
cup,盃
Shun,舜
Go,梧
Hao,皓
ugly,丑
Shu,蜀
cocoon,繭
Tea,荼
injustice,冤
together,齊
according to,按
Category,疇
Award,頒
Le,勒
spasm,攣
frog,蛙
Toyo,徨
helmet,冑
taste,嘗
Tips,訣
look askance,睨
twenty,廿
escape,遁
rustic,猥
predict,卜
halogen,鹵
bald,禿
Exposure,曝
Ballet,芭
fry,炸
Shan,珊
basket,筐
tease,逗
vehicle,輛
Rolling,軋
cage,檻
Marry,娶
vomit,嘔
lane,巷
Zhan,湛
Zhong,衷
scales,秤
Lou,婁
bribe,賂
mu,畝
greedy,貪
wing,翅
ivy,蔦
spasm,痙
sharpening,砥
John,翰
Qiu,邱
scaffold,櫓
Ko,瑚
paste,膏
mooring,艤
leech,蛭
Jing,荊
dizzy,眩
top,顛
Huai,淮
Raincoat,蓑
straw,藁
Shaanxi,陝
drill,鑽
Ode,頌
Yu,宥
banana,蕉
pinch,捏
Jiang,蔣
ant,蟻
lick,舐
wax,蝋
Cong,聰
Egg,蛋
Bi,弼
cicada,蝉
Peng,彭
some,些
scare,嚇
grapes,萄
hook,鉤
Maki,槙
Ren,荏
rod,竿
Shavings,裟
chopsticks,箸
impeach,劾
Xiao,蕭
leek,韮
vent,泄
moat,濠
embroidery,繍
Elderly,耆
Fu,傅
flame,焔
extravagant,靡
ripple,漣
Xun,巽
decoy,囮
pot,銚
certificate,證
pancreas,膵
Tao,涛
Fort,堡
Lin,琳
Letter,箋
mackerel,鯖
Meditation,瞑
Kou,洸
Acorus,菖
unitary,酉
force,逼
delay,耽
Tweet,呟
Mio,澪
Mu,穆
Kon,崑
gull,鷗
happy,樂
saliva,唾
bush,薮
Soba,蕎
grab,攫
Cypress,桧
precious,寶
discretionary,酌
pestle,碓
fin,鰭
Xinjiang,疆
Wang,汪
pot,壷
redemption,贖
gas,氣
Tsukuda,佃
Virtue,德
present,禮
Rhinoceros,犀
search,蒐
encounter,邂
surge,涌
sleeve,袂
meet unexpectedly,逅
swing,蕩
float,飄
Orange,桔
picture,圖
Tendon,靱
suddenly,忽
reed,蘆
eight,捌
Race,賽
frugality,倹
Deng,鄧
dial,撥
curse,祟
rash,疹
together,偕
cry,哭
good,乖
cassock,袈
Fan,范
cunning,狡
foil,箔
footpath,蹊
tour,游
read,讀
Yan,閻
wilt,萎
sincere,摯
dysprosium,鏑
slander,誹
crow,鴉
saute,炒
Koma,狛
urn,甕
mosquito,蚊
Tu,屠
Ru,茹
clear,晰
bracken,蕨
bow,俯
slander,謗
regret,憾
Son,兒
Pleiades,昴
Woo,嗚
At,于
Kou,寇
Rao,饒
Impurity,穢
cold,凜
pond,塘
embryo,胚
Kui,奎
Yu,虞
bogus,贋
Wei,韋
Shenzhen,圳
stick,棍
Zhe,柘
wear,佩
grind,砺
velvet,絨
Luan,鸞
rejoice,麾
millimeter,毫
Zhang,璋
Feng,馮
plunder,掠
insect,蟲
Harmony,諧
He,赫
Hu,滸
Yin,殷
wild,埜
wind,繚
sea ​​bream,鯛
Masu,桝
cheap,賤
Henan,豫
bag,鞄
tower,臺
You,祢
shochu,酎
嚆,嚆
Pan,潘
outline,廓
near,邇
sigh,咤
coffee,珈
Jun,浚
hoe,鍬
dumpling,餃
nest,窩
curtain,簾
Happiness,倖
Sell,賣
# 3000,# 3000
Overseas Chinese,僑
larkspur,鹸
Postscript,跋
Ouch,唖
throw into confusion,攘
Mai,邁
Yamen,衙
Zuo,祚
sly,猾
Kuni,圀
repent,懺
irresolute,徊
alone,獨
short,矮
kite,鳶
Talk,諌
irresolute,徘
pepper,椒
filter,濾
Amber,琥
story,咄
crocodile,鰐
moxibustion,灸
All,悉
Plastic,塑
Kei,珪
rut,轍
birds,禽
橿,橿
Mang,芒
sigh,嗟
Xu,戌
Tan,潭
paste,糊
robbery,劫
Number,號
Lai,莱
anus,肛
Ju,鞠
strawberry,苺
toe,趾
cabinet,櫃
steamed bread,饅
acupuncture,鍼
shame,羞
Pi,琲
Shen,瀋
inside,裡
Ridge,鎬
swastika,卍
escape,竄
amber,珀
infant,嬰
Hazy,朧
express,抒
usurpation,簒
Chief,酋
sister,姐
candle,燭
garden,圃
Relaxation,弛
Tao,淘
armpits,腋
Joan,瓊
ball,毬
Ko,滉
sparse,疏
dispatch,牒
Pi,辟
shin,脛
skull,髏
Zhu,竺
seagull,鴎
bowl,碗
赳,赳
skull,髑
take,拿
Bad,糟
derogatory,貶
Smoked,燻
Four,肆
Glory,燿
Firefly,螢
foam,沫
stir,攪
antagonistic,拮
anchor,錨
granules,顆
wedge,楔
pregnant,孕
barnyard grass,稗
warbler,鶯
Kun,坤
Shibu,澁
tumor,瘤
hesitation,憚
calyx,萼
total,總
猷,猷
hearth,竈
Dai,黛
Kakei,筧
piece,疋
Dai,岱
as well as,亦
Biao,彪
roll,捲
curl up,蜷
when,當
Duo,鐸
cough,咳
just,恰
catty,斤
tunnel,隧
Shima,嶌
楡,楡
Shower,淋
hammer,錘
Yan,衍
share,份
ha,哈
smallpox,痘
Porridge,粥
Wan,莞
Lu,廬
Lan,瀾
pheasant,雉
Jiao,嬌
Stand still,佇
Jia,賈
trench,塹
ravage,躙
Inquiry,詢
set,套
Ling,伶
Sheng,晟
pain,疼
Asia,亞
Can,燦
phosphorus,燐
show off,逞
Shao,韶
anchor,碇
bang,幇
again and again,沓
Disturbance,擾
Rod,桿
Crucifixion,磔
buttocks,臀
Lun,崙
pulp,漿
neck,頚
close,關
coffin,柩
salmon,鮭
Zelkova,欅
Yi,懿
mushrooms,茸
camphor,樟
banner,旛
blanket,毯
narrow,仄
Stroke,捺
trample,蹂
bud,蕾
bran,糠
Laziness,惰
village,邨
Bay,灣
bract,苞
Mirage,蜃
fleeting,儚
Pan,槃
evil,奸
Yao,瑤
Bing,炳
nirvana,涅
slope,坡
slander,讒
through,經
friendship,誼
Xue,薛
trout,鱒
Wei,蔚
Dome,穹
pus,膿
Shu,舒
official,宦
Sheng,笙
Brand,烙
Cen,岑
obscenity,褻
rock,巖
turnip,蕪
guard,衞
Pei,裴
arrow,箭
Yao,姚
war,戰
Xiao,尭
sting,蟄
Masu,舛
dodder,菟
Dispute,諍
Pistil,蕊
scissors,鋏
Trust,托
silk,帛
especially,尤
rice grains,籾
Ruan,阮
coconut,椰
Cover,掩
Di,迪
Trend,趨
Owl,梟
Tomo,鞆
sore,瘡
Bohai,渤
pod,莢
raft,筏
Sophora japonica,槐
Seal,璽
Saki,嵜
Masu,枡
vagina,膣
pair,雙
hinder,碍
Huan,煥
柾,柾
Bin,斌
eyelids,瞼
Shachi,鯱
Old woman,姥
moth,蛾
bite,咬
赑,贔
slab,屓
drought,旱
blame,訶
Stir,撹
Tsuba,鍔
eggplant,茄
tired,倦
forgiveness,恕
drought demon,魃
restrain,錮
Glance,瞰
Hebei,冀
you,你
withered,凋
Sui,綏
halberd,戟
Voice,聲
Pu,溥
centimeters,厘
heel,踵
wolf,狽
bat,蝠
brass,鍮
Violet,菫
gadfly,虻
Xiao,逍
Ting,汀
ladle,瓢
awaken,憬
roar,吼
Finch,蝙
crossbow,弩
gram,剋
Yoga,瑜
concern,眷
Oh,呵
bowl,椀
eat,吃
and,并
dust,埃
Yi,怡
deaf,聾
conceal,瞞
arrowhead,鏃
How,咋
painted,繪
Baku,獏
get rid of,渫
Iso,礒
broom,箒
Blister,疱
ship,艘
Fu,孚
roar,咆
Bite,咥
wanton,恣
fierce,兇
millet,禾
Gui,癸
Ying,盈
already,已
scoop,掬
peck,啄
Bite,齧
banknotes,鈔
涜,涜
wide,闊
Lin,霖
octopus,蛸
auxiliary,掾
Si,姶
Yu,禹
Varied,什
Silk,絲
Kang,亢
usurpation,僭
body,體
Russian,俄
Hao,昊
Appetizers,肴
Will,將
shade,翳
cooking,烹
Po,埔
bruise,痍
barge,駁
secluded,僻
beard,鬚
fir,樅
kite,凧
strings,絃
inkstone,硯
Compassion,憫
Convergence,斂
Sugi,椙
Jade,翡
power,冪
Lai,萊
Appeal,檄
morning,晨
handsome,佼
Lun,綸
粂,粂
gill,鰓
seepage,滲
eel,鰻
Han,涵
Qi,祁
paddle,櫂
Yi,奕
absurd,謬
Zheng,箏
rush,冲
Kai,楷
old man,叟
uncle,舅
Bing,秉
oyster,蠣
wig,鬘
roll,卷
heather,杢
Kan,侃
coal,煤
Jubilee,禧
asthma,哮
shackles,枷
cold,凉
Milling,銑
loquat,杷
swing,盪
畷,畷
white horse,驃
towering,聳
bladder,膀
grief,慟
flag,幟
Cricket,蛯
Hungary,匈
waterfall,瀑
Wei,渭
hair,發
Boat,舩
Several,几
love,戀
Polygonum,蓼
tincture,酊
Min,閔
bladder,胱
Hu,扈
flaw,瑕
Ming,茗
thorn,剌
basket,箪
Tang,棠
Hyun,鉉
plum,楳
read,唸
roast,炙
onion,葱
climb,攀
Department,處
indistinct,恍
scorpion,蠍
discipline,躾
topknot,髷
Geng,耿
box,匣
dipper,杓
Ryou,魎
Long,隴
sediment,滓
Concubine,嬪
be surprised,訝
駈,駈
epilepsy,癇
crawl,匐
drunkenness,酩
Su,夙
garrison,戍
flaw,疵
Ma,瑪
luster of gems,瑳
delivery,娩
complete,畢
narrow,窄
elder brother,哥
irritation,癪
hoe,鋤
Only,祗
baggage,輜
recite,誦
Rui,睿
seal,篆
Jue,厥
Motivation,謨
Tsumugi,紬
mix,拌
Hu,笏
Di,狄
tear,泪
Pride,矜
Wan,婉
reed,葭
彅,彅
Ferocious,獰
Xi,熹
fart,屁
Zi,孜
miscellaneous,雜
Roast,焙
hexagram,卦
irregular,齟
irregular teeth,齬
spoke,輻
boudoir,閨
filling,餡
Si,泗
Takamura,篁
碕,碕
Yan,兗
fish trap,簗
Australia,澳
narrow,筰
Wait,俟
proverb,諺
Lang,琅
Lei,磊
Do,儘
lizard,蜥
Yu,兪
Gouge,抉
spoon,匙
Mounting,拵
Flower,卉
Buddhist monk,闍
elf,魍
Tsurugi,瀞
Berberis,檗
鵄,鵄
shop,鋪
Ne,訥
frame,幀
alcohol,醇
bow,躬
chevaux,驤
crawl,匍
lily,蜴
curtain,帷
Soo,洙
parrot,鵡
Myanmar,緬
Ye,燁
Death,歿
Tanen,稙
Handan,邯
Fujian,閩
sediment,澱
Zuo,俎
pupa,蛹
wormwood,萠
sliding doors,襖
glaze,釉
Ying,穎
Cut,剪
Huo,霍
village,寨
Lu,璐
right,權
Food,饌
Sheet Metal,鈑
Cang,滄
So,廼
loquat,枇
right,對
Jian,剱
district,區
shallow,淺
slash,刎
Shao,邵
Qi,琦
mushroom,菰
Width,寬
Kinuta,砧
preserves,餞
grind,礪
building,樓
rivets,鋲
building plot,墺
spleen,脾
Mouth,咀
cage,篝
itch,痒
rustic,鄙
Huh,乎
Chen,宸
arrogant,驕
濵,濵
date,棗
Xiamen,廈
cypress,栢
Yan,晏
Yao,瑶
swelling,脹
Yin,慇
Polite,懃
Eph,弗
Wish,愾
scratch,撓
E,娥
Liao,廖
View,觀
mandible,髣
Reminiscence,髴
Ai,艾
Swan,鵠
school,黌
lamp,盞
slave girl,婢
basket,籃
Pi,丕
fierce,悍
Humerus,肱
Qi,祺
Consult,磋
Twist,捩
Xun,荀
shake,撼
Jun,鈞
Jiang,蒋
Remain,餘
Luan,欒
kneel,跪
fly,蝿
shoot,斃
threshold,閾
bonito,鰹
Maple,椛
Show,顯
black,黑
Rang,郞
feast,筵
Filter,漉
plot,畦
trace,迹
diarrhea,瀉
Fen,汾
one,壹
mole,痣
mattress,褥
thistle,薊
taste,啖
Heng,恆
garlic,蒜
Mile,浬
dawn,曉
Caution,愼
Chang,昶
Flood,淹
testicles,睾
crucian carp,鮒
Ke,柯
debate,辯
Qiang,羌
sash,襷
thick,稠
Ying,瑩
Toga,栂
Ke,恪
Lai,徠
Specialize,專
coil,蟠
none,无
soul,魄
dragon,蜻
Yi,沂
millet,稷
phlegm,痰
painting,畫
Transcription,謄
Ji,濟
Hereby,茲
soup,羹
Xun,洵
vast,茫
trunk,篋
Guess,猜
Yi,翊
Sarcasm,諷
turn,匝
Rattan,籐
faint,暈
ember,燼
Shanghai,滬
duck,鴫
intimidation,恫
rod,棹
Sleep,覺
Umbilical cord,臍
Knight,俠
butterbur,蕗
collar,衿
for,爲
yellow,黃
Xie,燮
We,們
chew,嚼
wrinkle,皺
Chao,晁
Memorial,奠
stumble,躓
Zheng,錚
touch,摸
arm,臂
parrot,鸚
curse,詛
籔,籔
pharynx,嚥
stout,奘
bustard,鴇
eagle,頴
go,徂
Bring,齎
Hum,吽
Gatha,偈
Raku,埒
mine,礦
reflect,暎
Cotinus,櫨
Wash,浣
hammer,鎚
Shi,軾
Body,躰
sardine,鰯
sinus,竇
deceive,朦
gangrene,疽
lemon,檸
quite,頗
curse,詈
mandarin duck,鴛
quiet,謐
sweet,甜
Yun,蘊
Kuang,曠
actually,竟
Continued,續
Tong,潼
Xiao,驍
Ling,苓
close,咫
Koji,糀
Tsumugi,嬬
borrow,藉
Dan,鄲
Distinguish,辨
beside,旁
lemon,檬
hemorrhoids,痔
through,亙
quiet,靜
medicine,葯
Qi,琪
Chuo,綽
sign,籤
Finn,芬
Woodworking,杣
An,菴
iron,铁
Fake,假
Ying,潁
battle,仗
Iron,鐡
Mu,沐
bowl,盂
Ka,喀
Xiamen,厦
evil,惡
release,釋
prisoners,俘
Fan,樊
hesitation,逡
Philippi,腓
Collide,撞
Ji,笈
bandit,匪
capsule,蒴
purification ritual,禊
Abandon,舍
Yu,昱
caldron,甑
偃,偃
hibiscus,槿
chisel,鑿
number,數
folder,夾
Strength,彊
Howl,嘯
cicada,蛉
knock,敲
Lin,藺
exchange,匯
profound,奧
hatchet,鉈
trunk,笥
net,网
Test,攷
Yam,薯
Zhao,曺
confusion,淆
brake,閘
Xian,峴
ice,冰
Na,娜
corpse,尸
Min,珉
mink,貂
gut,腑
sword,劔
Royal,禦
Change,變
quail,鶉
Chips,籌
rob,剽
laugh,嗤
gun,炮
oak,櫟
Peng,澎
Philippines,菲
loose,鬆
La,喇
De,悳
Meow,咩
stirrup,鐙
Pang,龐
catfish,鯰
Zou,鄒
gong,鉦
箚,箚
Spear,戈
Anhui,皖
quilt,衾
Guangdong,粤
Deep,憺
monkey,猴
moreover,矧
stupid,蠢
woodcutter,樵
stream,澗
Lai,籟
嬲,嬲
Jing,涇
Qi,杞
dig,掏
Qi,騏
cut,截
hail,雹
Creek,谿
extravagant,侈
穐,穐
Lean,倚
loincloth,褌
toad,蟇
Police,邏
Gong,龔
cod,鱈
mane,鬣
invite,邀
food,飫
Ye,鄴
Promotion,陞
False,賎
Min,旻
Jay,杰
irritation,疸
弉,弉
spirit,靈
Jiong,炯
Que,闕
Xing,邢
worms,蠕
sigh,歎
embarrassed,窘
impatient,躁
battle cry,鬨
false accusations,誣
boast,侘
abalone,鮑
Nue,鵺
Mast,檣
Jin,瑾
Fang,舫
Jing,菁
glass,玻
Zhen,甄
Deduction,繹
Inlay,鈿
camel,駝
Ran,冉
Nie,聶
constricted,戔
鑓,鑓
Roku,碌
title,銜
take hold,搦
Lu,閭
screen,篩
Town,鎭
millet,黍
hail,霰
shoe,鞋
mandarin duck,鴦
I,朕
Hanging,縊
pleats,襞
sushi,鮨
Xiao,瀟
cry,啼
Capricorn,羯
Announcement,譴
Clam,蛤
Luo,駱
dam,壩
rich,豐
Duo,朶
Zhan,詹
want,慾
Zhang,漳
Yang,煬
satin,緞
momme,匁
Mile,哩
fly,蠅
Chutney,樗
Pistil,蘂
oar,楫
plating,鍍
precious,寳
dry,涸
Full,滿
pretentious,衒
East,东
hook,鈎
Xi,奚
persimmon,杮
fade,褪
Ao,敖
Hao,晧
Yi,彝
Dian,甸
Pei,沛
Zhe,喆
Gan,贛
gong,鑼
geese,鴈
骎,駸
Zang,臧
Reckless,莽
sad,悴
all,俱
earnest,諄
Honor,勳
strict,嚴
Proverbs,箴
wax,臘
Card,卡
melt,熔
oyster,蛎
So,瑣
Dang,嶝
stroke,劃
Sua,娑
Translation,譯
Yu,毓
snail,蝸
raft,槎
rice cake,糎
fence,籬
pity,愍
chat,聊
Yu,彧
Wu,兀
Wu,吳
Trevally,鰺
Radius,橈
baby,娃
Tie,繫
malaria,瘴
donate,捐
palpitate,悸
Ben,賁
Dragon,蛟
Fishing,撈
strife,訌
ascend,陟
murder,弑
Wen,汶
List,臚
Write,寫
Twist,撚
Ju,莒
ambush,躅
clap,霹
camp,營
Fu,馥
stagnation,潴
Chu,褚
niche,龕
haggard,憔
Sigh,懋
glance,瞥
code,碼
awake,惺
change,轉
Xi,羲
Can,罐
Pound,搗
horse feed,秣
drool,涎
Sincerely,恂
Qing,淸
Qin,沁
stork,鵞
shed,艀
chu,芻
magnificent,华
Lost,佚
pleats,褶
haze,靄
Dazzle,炫
Charm,粲
Ensemble,翫
qian,僉
Humulus,葎
Ying,瀛
Zhai,翟
Chongqing,渝
Yi,頤
Tyrant,霸
walk,躑
medical,醫
Xu,栩
Ying,郢
oar,枻
still,仍
centimeters,釐
Photo,攝
maggot,蛆
apple,蘋
Jun,濬
analogy,譬
reputation,譽
at will,侭
Hao,郝
harpoon,銛
Sha,莎
beacon,烽
Iri,杁
hem,褄
Banyan,榕
Ting,婷
Ping,萍
flint,燧
# 4000,# 4000
hermit,僊
Ye,曄
Yu,庾
Di,棣
old,舊
Cong,琮
Grass,艸
Europe,歐
Wire,线
ax,鉞
You,攸
Ting,霆
Building,幢
崋,崋
Zan,瓚
sea,溟
loop,袢
Xin,忻
Yo,窈
insanity,蠱
bamboo shoots,筍
warts,螂
oak,椚
torch,炬
adjacent,鄰
compartment,廂
meet,晤
Paper mulberry,楮
guess,忖
nightingale,鴬
Siam,暹
religion,敎
nausea,臈
Wan,琬
Salt,鹽
Mi,弌
exhausted,憊
Guizhou,黔
Kui,馗
Thunderbolt,靂
Ramie,苧
Recovery,恢
Tuck,掖
Jun,儁
group,团
Look forward,瞻
sly,詭
coir rainwater,簑
Frame,楨
decadent,頽
Fire,熈
ape,猩
Horse mackerel,鯵
Tao,韜
醗,醗
mom,媽
orange,枳
Kui,逵
point,點
sip,啜
pull,輓
otter,獺
Fu,苻
slag,渣
Cheo,沮
outer coffin,槨
rip,刳
strong,壯
rely,賴
Grace,愃
adjoin,毗
put,擱
bridle,轡
open,敞
box,盒
club,梃
Resignation,辭
chicken,雞
Towards,嚮
Juan,娟
Yong,邕
bad,坏
Follow,隨
knit the brows,顰
broom,帚
Hubei,鄂
son,倅
mouth,觜
turtle,鼈
Ni,倪
gun,鎗
栁,栁
ye,矣
cunning,獪
T-shirt,恤
hack,劈
gaze intently,眈
Oriole,鵯
Hu,斛
薀,薀
bamboo screen,簀
stern,舳
Lang,瑯
Ba,叭
Genus,屬
wheat bran,麩
yoke,軛
Rice cake,粍
strangle,扼
Long,瓏
Industry,业
Tong,彤
Gu,辜
child,孩
net,淨
Severe,厲
Xu,胥
Tadasu,糺
Ling,崚
prayer,禱
Request,稟
sword,劍
record,錄
abnormal,畸
Po Lake,鄱
converge,輳
Kai,愷
profound,邈
Arrow,錣
cigarette,烟
cicada,蟷
shit,屎
rest,歇
say,稱
Jun,雋
Consultation,咨
Yam,藷
long,长
Return,歸
slaughter,緘
Chen,琛
groan,呻
Ironing,熨
Rui,芮
rise,漲
sad,愴
although,雖
party,黨
happy,乐
money,錢
technique,朮
Han,瀚
award,獎
Ying,滎
drunk,醉
explain,說
Qing,潅
Yi,禕
Pi,闢
Hong,泓
partner,夥
lame,跛
Around,繞
hold,挾
shut,閼
颪,颪
Leak,瀝
Gao,皋
swindle,躱
shackles,鐐
Heal,愈
salary,餉
military,军
彡,彡
Zhuo,涿
Mianyang,沔
What,麼
Di,氐
Li,驪
hanging down,縋
a little,稍
locust,蝗
Lu,溌
stove,竃
Ringworm,癬
frown,蹙
Race,赛
Viper,蝮
feast,觴
two,兩
Qi,淇
Gong,鞏
tender,嫩
Embroidery,繡
Xin,歆
take,乘
wax,蠟
let,讓
one,單
jacket,襦
stand,矗
cobalt,鈷
Clams,蜆
Qia,洽
Hao,暠
thoroughfare,衢
magpie,鵲
hairpin,簪
musk deer,麝
絅,絅
instruct,誨
Jun,筠
meet,覯
Lu,瀘
catalpa,楸
mountain elf,魑
莚,莚
idle,閒
榑,榑
Hei,熕
顗,顗
Qian,倩
Shantou,汕
Pu,濮
vegetable,蔬
Inside,內
Wire,綫
fear,懼
Dan,澹
Gao,杲
brown bear,羆
herring,鰊
coarse,麁
Ginseng,參
Loach,鰍
峅,峅
huge,鉅
Extract,萃
from,從
Fight,爭
hall,廳
Ke,軻
Jing,璟
Exchange,兌
Wei,瑋
Tao,滔
Retrospect,溯
check,查
willing,愿
effect,效
salty,鹹
Banner,旌
Gen,艮
dock,塢
skin disease,癩
nettle,蕁
Joke,謔
valley,峪
sell,沽
bun,髻
price,价
綋,綋
Yi,弋
Yan,妍
wide,广
robe,袍
Olive,欖
Akira,晄
burn,燎
eye,眸
green,綠
Lai,萢
mulberry,椹
Ou,甌
壜,壜
arch,拱
Yan,儼
Ruled,罫
chin,頷
Dream,梦
plane,鉋
Explanation,闡
melancholy,懣
indivual,个
pure,洌
Teng,滕
Confusing,紊
Yi,屹
commandment,誡
steam,烝
Nickname,昵
molten,鎔
chime,磬
Qiao,譙
chariot,輦
Zibo,淄
silk,絋
Yong,顒
Aunt,姨
dagger,匕
dragon,龙
obliterate,泯
Shao,劭
Prince Consort,駙
wall,墻
field,场
sled,橇
transport,运
梛,梛
Lu,祿
Do,盡
village,莊
View,覽
Chu,俶
Kun,焜
fight,鬥
Mi,糜
toss,簸
聰,聟
鑁,鑁
arrest,緝
Wrapping,纒
Huan,渙
manage,辦
wart,疣
roll,滾
rouge,臙
round bamboo basket,筥
Gou,苟
crucible,坩
noodle,麵
Son,儿
Warbling,囀
Leng,楞
Xuan,璇
oak,柞
carving,雕
lai,茘
first,乍
Konjac,蒟
repeatedly,屡
Da,逹
ridge,壟
funeral,殯
distant,迢
Box,筺
open,豁
thread,縷
Yu,鈺
Yu,煜
calabash,蠡
Fan,徇
rare,罕
body,膂
Nuo,儺
Xiao,霄
fistula,瘻
Xi,曦
silver,銈
縒,縒
mark,瘢
tuna,鮪
receive,收
beast,獸
Seto,瀨
Zen,禪
rice,稻
brush,拂
lack,缺
Horse,驥
hernia,疝
Positive,阳
Brown,棕
Yong,鏞
joyous,歡
flea,蚤
fall,跌
弴,弴
peel,剝
Fu,涪
Terracotta Warriors,俑
crimson,絳
渟,渟
亰,亰
technique,术
Torreya grandis,榧
grain,粮
blindfold,瞽
arsenic,砒
Good at,擅
intoxicated,酣
Shi,奭
Xi,僖
you,尔
lion,猊
Wei,隗
El,尓
temples,鬢
鵤,鵤
moss,蘚
muddy,濘
plantar,蹠
Song,淞
Xiu,琇
Turtle,瑁
win,嬴
hunchback,僂
Cross-legged,跏
garden,园
曁,曁
hairpin,笄
縺,縺
Alliance,联
Yu,禺
mold,黴
sway,竦
olive,橄
Rang,穰
cicada,蟬
temperature,溫
Lian,璉
Pang,厖
rather,甯
rocky hill,岨
forced labor,繇
紀,硲
Post Station,驛
Qu,瞿
Weasel,鼬
蹉,蹉
Kui,夔
mine,砿
misty,縹
lie,誑
ocher,赭
Exegesis,詁
scorpion,蝎
Surround,圍
Alas,噫
Break through,闖
repent,悛
edict,誥
Yan,琰
tower,颱
cable,纜
turtle,龜
open,张
car,车
very few,寥
Control,馭
Jie,頡
restrain,羈
Iron,銕
crucible,堝
bend,彎
Produce,產
comb,梳
Wei,煒
bullock,犍
turban,鞨
pond,陂
cold,冽
Tao,洮
Huan,奐
like,爱
Xu,勗
rope,繩
Jin,嶷
Yi,猗
Chang,嫦
Yunnan,滇
rose,玫
copper,釼
Tomo,笘
cliff,厓
Wen,雯
Song,崧
beard,髯
Bar,吧
household,戶
eloquent,佞
Dong,侗
call,喊
Grab,摑
risk,險
ear,穗
listen,聽
cough,嗽
run,跑
return,迴
Di,廸
Bian,卞
Hao,灝
Qiu,湫
Warmed sake,燗
Mu,姆
sweet wine,醴
Quiver,靫
Miao,繆
ragged,襤
net,筌
hour,时
sugarcane,蔗
bellows,鞴
stingy,嗇
basket,籏
梼,檮
steep,嶮
pan-,泛
latch,閂
Tsuen,荃
hunt,獠
Copper,鍈
Pi,邳
Tong,佟
Mo,靺
Jian,鑒
Turbulence,湍
yam,蒻
弖,弖
close,关
Xin,鑫
hairpin,釵
Goose,鵝
without,沒
Hui,蕙
Break,斷
Bian,汴
Sliced ​​meat,膾
Lazy,懈
Luo,罗
Wow,哇
Luan,巒
move,动
colander,笊
Li,悧
Spoon,勺
flame,焰
pure,粹
search,搜
Pack,裝
step,步
Sample,樣
Step,驟
carving,鵰
pounding,舂
Kiln,纐
Valerian,纈
Tao,燾
Yo,暘
How could,豈
Guan,瓘
fat,胖
晢,晢
street,陌
clapper,箙
general,摠
Hu,祜
Zhou,紂
Ji,佶
Tomatoes,飩
Wei,巍
shaft,轅
Raise,舉
Ji,璣
glutinous rice,糯
horse,马
Cousin,儔
Ai,藹
knot,紇
Zheng,筝
war,战
Min,岷
key,鑰
Tartar,韃
Zhi,芷
Nao,瑙
dental caries,齲
曻,曻
beat,擂
Blue,靑
Xiu,岫
bundle wrapped in cloth,袱
wash,盥
reel,轆
wheel,轤
switch,掣
Bao,葆
bar,槓
bamboo brush for utensils,筅
He,郃
brag,詡
difficult,艱
Park,樸
hair,发
urgently,亟
neon,霓
Ying,邽
wheat,麥
Jin,靳
mound,冢
feather,翎
familiar with,諳
International,际
and,竝
Liu,刘
Gardenia,梔
calf,犢
electricity,电
geld,騸
Kun,琨
Book,书
jacket,褸
through,经
庯,庯
donkey,驢
session,屆
Luo,雒
Tuo,佗
antelope,羚
Sauce,醬
horizontal,橫
orchid,兰
burst,迸
light,輕
Wei,濰
Da,妲
Paint,涂
hoop,箍
Toilet,厠
Silk,絁
diamond,鑚
坜,壢
誂,誂
bright,皎
聐,遐
dung,垈
Chang,萇
Yuan,沅
穽,穽
Xin,昕
睺,睺
enamel,琺
Pick,釆
tapir,貘
燵,燵
stingy,吝
lazy,懶
radish,蘿
squat,踞
Brush,箆
gourd,葫
Echo,谺
凞,凞
Discussion,諤
艪,艪
pass,传
Kan,坎
Chen,郴
site,阯
group,羣
Township,鄉
stalk,稈
chest,膺
Door,门
clamp,鉗
coax,哄
Yu,妤
Specialize,专
age,歲
Shuttle,杼
cotton,棉
乭,乭
Jin,珎
Belly,肚
Ear,珥
epilepsy,癲
Quan,銓
Migration,徙
垪,垪
bamboo,棈
plow,犂
noose,羂
eyelashes,睫
Pregnant,懷
play,戲
gorge,峽
hit,擊
Test,驗
award,奬
bring,帶
day,晝
calendar,歷
Lian,濂
Xi,兮
Hui,煇
melt,鑠
Nong,儂
Palm,櫚
shirt,衫
Yu,聿
Hun,琿
縅,縅
moraine,磧
idiot,癡
Village,塲
俥,俥
tomb,壙
Pae,裵
incite,嗾
valve,瓣
Honor,勛
pier,墩
braid,辮
mayfly,蜉
Fly,蝣
Peony,芍
red,红
Udon,饂
wind,风
porcelain,瓷
burdock,蒡
House,厝
martingale,鞅
rely,恃
Lan,襴
Lu,潞
袰,袰
flower,葩
侊,侊
Hom,磡
labor,勞
Huan,寰
bend,弯
tie,扎
Koji,麴
Jiong,炅
㐂,㐂
alum,礬
ancient sacrifice,畤
slang,俚
Grab,攬
capture,擒
More,踰
Mao,楙
dark and quiet,杳
kitchen,庖
List,陈
Jiao,嶠
𠮷,𠮷
Ni,妮
wall,牆
Wood,梠
Rose,瑰
Sorrow,殤
镡,鐔
Zhen,蓁
Hao,顥
Audience,覲
Zhao,釗
felt,氈
mine,鑛
pulse,脉
Thread,鞮
Reed,蒹
train,驩
Waste,廢
can,鑵
醂,醂
Asia,亚
toad,蟾
town,镇
Kasuri,絣
chain,鏈
Continue,繼
where,哪
dirt,濊
Caterpillar,貊
Wei,廆
Huang,皝
thread,緖
Li,俐
Inspection,檢
burn,燒
bomb,彈
hair,髮
pull,拔
swallow,飜
shake,搖
dad,爸
depression,欝
falcon,鶻
呰,呰
delete,刪
Susumu,暲
Xi,憙
among,躋
Hoshimi,裃
lined,袷
instep,趺
louse,虱
asylum for the aged,庠
枦,枦
embarrassing,冏
blush,赧
Huang,璜
curse,咒
dice,骰
Xun,潯
Rain,霽
bed,牀
夛,夛
ditch,瀆
Ga,嘎
harp,瑟
Tie,縻
Ying,瓔
scab,痂
mysterious,邃
generous,慷
Yun,耘
Yun,贇
Fang,昉
Chant,咏
stack,棧
Bai,佰
tie,紮
resentment,憮
Erhai,洱
crown,冕
edge,刄
Grasp,抓
button,鈕
soil,壤
language,语
jade,瑭
Bo,孛
Cheng,埕
open,开
lie,偸
Tan,亶
Xuan,璿
Jiong,迥
boundary,垓
slouch,傴
Wa,媧
Luan,灤
檍,檍
benefit,裨
compulsory service,徭
Wu,婺
Suppression,剿
roof,甍
Lose,掉
Gan,淦
head,头
誾,誾
slumped,埓
throw,抛
island,岛
try to find,找
select,选
shade,蔀
⽉,⽉
Zhen,臻
Jie,婕
桒,桒
suddenly,驀
Karma,噶
Decision,决
Chinese,汉
Qi,圻
Xiang,昻
eat,飡
Castanopsis,栲
hinder,礙
upbraid,吒
narrow,狹
chicken,鷄
lock up,圈
Cast,鑄
thief,盜
silent,默
Chen,諶
Slumbering,朏
health,矍
calluses,胝
worm,螻
cock,舁
﨟,﨟
lonely,寞
沨,渢
She,歙
Yellowtail,鰤
offer,獻
龗,龗
disgrace,謫
ankle,踝
莵,莵
polishing tool,鑢
dismiss,黜
shave,刮
stare,瞠
ring,环
Liang,樑
濹,濹
See,视
Bile,膽
Cheng,澂
Pick,拈
Qi,蘄
Ang,卬
Shi,寔
Zhan,旃
Jin,隲
box,框
dart,鏢
栴,栴
Bi,沘
Yusu,梼
take,拏
I,莪
ashamed,愧
劒,劒
Sincerity,忱
Wagtail,鴒
Yi,軼
Reality,实
loach,鰌
dark brown,靏
suburbs,郛
fork,岔
Lun,侖
Mei,嵋
Artemisia,蒿
Xin,莘
Tree,树
Kai,闓
Chi,蚩
Jin,晉
Hoarse,嗄
Shu,澍
Shou,謖
noise,噪
Yao,爻
Dragon,龖
Zhu,茱
path,徑
eulogy,誄
border the stove,陘
Li,酈
Clear,澈
hamadryad,狒
all over,徧
Dong,峒
Qian,騫
squat,蹲
Yan,彥
Bite,嚙
even,连
Mount,嵓
閇,閇
Wei,潙
Poria,茯
destroy,摧
resentment,讎
granary,廩
select,擇
Yi,懌
⽇,⽇
Iron,鉃
smoke,熏
Don't,别
hog,豕
rail,轨
Ju,雎
powerful,强
Xie,郤
Newspaper,报
crazy,瘋
condition,况
art,艺
bamboo mold,笵
Wang,罔
tablets,牘
dart,釟
door,闥
qi,棊
Violet,綵
鞜,鞜
pig,豬
Poetry,謌
Hey,吶
swallow,吞
increase,增
medicine,藥
Min,旼
Yu,瑀
Fang,枋
# 5000,# 5000
and,幷
flatter,諛
kilometer,粁
Crisp,酥
埵,埵
Zhen,軫
goblet,觚
Tilia,椴
Xu,煦
remember,记
gluttonous,饕
貮,貮
play,縯
files,档
brick,磚
eye,睛
dike,圩
Ao,鰲
scissors,翦
advocate,倡
clang,鐺
How,曷
rushing,滂
Itch,瘙
Pa,帕
vigilance,惕
Happy,囍
Hmm,唔
edge,棱
be careful,毖
Pu,莆
cellar,窖
Pour,斟
save,拯
Xuan,煊
owl,鴟
Jian,蹇
Fei,蜚
scepter,珽
bass,鱸
drain,澮
Fan,璠
pond,埤
near,迩
Kip,硤
Saint,圣
grate,篦
button,釦
We,们
Lei,耒
Blanch,焯
baht,銖
Chen,綝
fill up,闐
prophecy,讖
Entertainment,娛
Min,玟
Hui,薈
鍜,鍜
Tian,恬
cicada,蜩
Yu,禑
brick,塼
Beautiful,靚
dressed leather,靼
Standard,标
Qu,朐
ugly,陋
division,师
hidden,隱
Museum,馆
Zhu,邾
Jue,珏
Mang,邙
fierce,鏖
幄,幄
叆,靉
two,貳
clamp,箝
pickled fish,鮓
not,毋
drum,皷
household,户
Ro,絽
Zip,鋺
kind,种
Masonry,砌
County,鄕
total,总
Dip,沾
镱,鐶
member,员
Celebration,庆
Service,务
hole,窿
furnace,爐
right,对
perilous,岌
枩,枩
thousand,仟
parallel,駢
Ru,孺
Pan,泮
dimension,维
Yuan,瑗
trampling,跫
Qing,擎
Wu,吴
wicker,篳
horn,篥
not,毌
Zhao,赵
conger eel,鱧
bye,拜
secret,祕
Every,每
bury,瘞
Ji,姬
plow,犁
Yun,惲
㓛,㓛
study,肄
Divination,筮
flatter,諂
Guo,虢
gluttonous,餮
book,册
Depend on,靠
nightmare,魘
clear,晳
adze,釿
2,弍
look askance,睥
lofty,嵬
Hurricane,颶
Huang,湟
Zhe,輒
Miluo,汨
silt,淤
between,间
deceased mother,妣
瓌,瓌
Bi,苾
deficient,匱
mercury,汞
silicon,硅
Mianyang,澠
樔,樔
coffee,咖
creek,汜
Qiong,邛
fur,裘
Ling,泠
Branch,椏
Cabbage,菘
rafter,桴
夘,夘
珖,珖
Wagtail,鶺
Noisy,囂
perish,淪
sprinkle,灑
Bo,亳
剳,剳
Well,嘛
Shan,鄯
Love,爰
Mei,郿
Bin,邠
Flogging,笞
乂,乂
Tan,郯
cuckoo,鵑
Hong,竑
malaria,瘧
ah,呀
vertical,豎
Network,络
head,髦
Pu,璞
regret,懊
Nai,迺
dwarf,侏
Wash,滌
詩,謾
Mantle,幔
sign,簽
⼤,⼤
Lang,閬
Jing,兢
kitchen,廚
枹,枹
Rickets,佝
Noise,鬧
Shigomi,樒
閖,閖
K,乕
pressure,壓
榘,榘
Imitation,仿
scratch,搔
Sheng,嵊
Seki,杦
Yang,漾
倻,倻
class,级
nest,窠
Tono,暾
crack,罅
wide,濶
apple,苹
Penang,檳
palm,榔
cormorant,鸕
wadding,絮
mash,醪
Pi,郫
Ying,嚶
sleet,霙
cat,貓
Understand,懂
Zhuan,顓
熲,熲
wren,鷦
pond,潢
Yi,鎰
old woman,媼
柗,柗
kick,蹶
please,请
Surround,围
Nitto,粳
picture,图
rogue,氓
body,軀
Residual,殘
Yin,垠
manage,办
Jing,婧
gas,气
praise,贊
嬀,嬀
Ji,姞
Office,廨
Yue,樾
tassel,纓
Yun,鄆
Zhuo,倬
Jin,縉
bad,歹
Korea,韩
chaos,亂
缑,緱
age,齡
⼀,⼀
Yi,羿
dry moat,隍
Ming,洺
Basket,簱
pendant,珮
Poppy,罌
驒,驒
basket,簞
broken,碎
vertical,縱
Announcement,敍
stack,疊
wine,釀
Night,晚
tear,淚
cricket,蟋
set,鑲
Satin,繻
埣,埣
Tan,覃
cigarettes,莨
from,从
Warp,翹
鯏,鯏
anger,忿
touch,觸
vinegar,醋
曵,曵
Fen,棻
蘐,蘐
See,见
閦,閦
Ripple,漪
Browse,瀏
燖,凖
pin,銷
獨,獗
stem,莖
Sun,孙
Fu,罘
arrogant,憍
gan,玕
Badger,狢
Just,仝
cabin,艙
edict,敕
what,孰
Can,戛
Tuo,沱
calamity,殃
bake,烤
goods,货
boron,硼
Kuai,傕
son-in-law,壻
Ren,澧
仭,仭
sedge,蓜
Sale,售
Yun,昀
Fight,搏
anger,瞋
畧,畧
Kun,鯤
bridge,桥
expansion,擴
篶,篶
case,帙
Nodding,喃
serene,愔
Bin,豳
䴥,䴥
lance,槊
lift,擡
beheading,馘
岻,岻
Hello,囉
鳆,鰒
Shao,绍
Produce,产
Ningbo,甬
files,檔
thorn,磾
butterfly,蝴
ask,问
poetry,诗
thumb,拇
Xian,嫻
tithe,仂
Fei,淝
赜,賾
clang,鏗
swim bladder,鰾
rich,丰
Akane,蒨
rake,耙
tarsus,跗
thirty,卅
glutinous rice,糒
Kuai,蒯
Kuai,噲
Xuan,瑄
Xin,炘
Decision,訢
袿,袿
Xun,珣
rabbit,兔
shop,舖
dig,挖
Township,乡
pivot,樞
Yong,墉
Sedge,薹
Pan,磻
Om,唵
hot,热
shuttle,梭
Min,湣
Su,苏
Qin,溱
What,么
Fight,鬪
Ao,翺
Harrier,鷂
Lantern,闌
Alligator,鱶
How,怎
Xi,郗
paradox,悖
hit,击
wren,鷯
fly,飞
駮,駮
薭,薭
silver,银
Funding,资
Yan,焱
Xie,勰
Han,晗
count,计
rudder,柁
lord,侚
Wait,䚟
Quan,佺
regulation,规
string together,綰
sang,唹
discussion,榷
Summary,综
Feed,饋
unfeigned,慥
bar,杠
Xu,頊
overseer,畯
Luang,鑾
Rong,荣
System,统
frequency,频
smell,闻
Festival,节
Shen,燊
埈,埈
oak,橡
in vain,枉
Yan,嫄
contented,慊
siskin,鶸
Zhuo,侂
presume,怙
Agriculture,农
Qu,璩
Shhh,噓
prosper,兴
苳,苳
rather,宁
Zheng,郑
brain,腦
clamp,鎹
scorpion,蜑
Qu,俅
Lin,璘
Inch,吋
splash,潑
Pian,翩
Pekinese,狆
眜,眜
Zou,騶
sack,橐
pour,挹
lose,输
cheek,顚
price,價
Xun,薰
involved,涉
shape,狀
thin,瘦
Sexy,騷
base,壘
cricket,蟀
cook,爨
塡,塡
sleep soundly,寐
partridge,鴣
factory,厂
Xi,湜
Cricket,蛄
dizzy,譫
help,幫
collar,领
trap,弇
Jie,桀
wild,猖
Come,莅
phoenix,凤
frivolous,佻
Wai,愰
comb,栫
sister,姊
wrinkled,隺
boil,熬
Zongzi,粽
pull,扯
hang,挂
fishy,腥
public,眾
stop,遏
Luo,珞
toad,黽
hear,聆
carbuncle,癰
jelly,喱
Approved,謇
cake,糕
Close,闔
cover,罩
Wei,暐
coast,滨
Yi,黟
displeasure,忩
兊,兊
leek,韭
Fermentation,醱
sound of rain,淅
Sumi,蠖
earthworm,蚯
ewe,牂
牁,牁
Feng,灃
chess,弈
about,约
cowardly,懦
mussel,蚌
Run,犇
engrave,鏤
Fu,俤
Ang,盎
you,妳
Milk,奶
yam,蕷
Chi,篪
seat,蓆
Movement,勱
pedicle,蒂
jie,孑
snipe,鷸
Rui,蕤
toad,蟆
and,暨
All,擧
cho,鬮
she,她
it,它
珸,珸
tuberculosis,癆
tiller,蘖
acne,痤
箟,箟
bag,囊
cornelian cherry,萸
bamboo shoots,笋
毟,毟
bring,带
beam,粱
turtle,玳
common millet,粢
bow of ship,艫
豨,豨
Jian,戩
Yin,茵
factory,厰
悰,悰
wolfberry,枸
roost,塒
Flycatcher,鶲
Burn,燔
spirit,灵
buckle,扣
trace,蹤
Kai,鍇
Research,硏
carry,刁
Ju,苴
View,览
Hua,驊
Mongolian,濛
dance,蹈
Arrow,碭
camp,营
sedge,莟
lotus,菏
osprey,鶚
sister-in-law,嫂
trillion,秭
plague,瘟
depression,坳
vague,渺
sedge,莇
urn,瓮
enclosure,囿
see,覩
Li,唎
Drive,駛
涬,涬
Sha,煞
raccoon dog,貉
Ma,玛
put,擺
stationed,驻
dumb,啞
Afraid,怕
Fu,鄜
Bei,蓓
Job,职
Face to face,覿
La,啦
詧,詧
Lai,賚
𥝱,𥝱
栻,栻
stroke,划
cheek,腮
explain,说
quiet,悄
ashamed,慚
Yan,鄢
brook,淶
hem,衽
Pai,湃
⻑,⻑
Mi,羋
Chu,滁
Xiao,簫
Miao,淼
Ba,霑
Kan,戡
medicine,药
scabies,疥
simple,简
Bi,俾
Kun,錕
stiff,僵
silkworm,蠶
shackles,桎
brace,梏
Shu,姝
斅,斅
finished,訖
囎,囎
楪,楪
伷,伷
Compilation,编
Pit,酘
skirt,裙
Seize,擶
⼈,⼈
Stoneware,炻
complex,复
Yan,諝
Wu,乌
Brocade,锦
cowardly,慫
慂,慂
Retrospect,泝
whirl,洄
Butterfly,鳰
Te,忒
ridge,壠
villa,墅
quiet,剡
tassel,旒
award,奖
blue,蓝
錢,錺
⾒,⾒
Dovewort,珙
moose,麋
Black,緇
Kay,凯
edge,緣
nest,巢
dirty,臟
Sign,徵
昤,昤
right,权
璆,璆
support,贍
愨,愨
倧,倧
Yan,瑆
I,峩
riveting,鉚
sash,絛
feet,呎
Set,奝
kinky,婬
forebear,孁
bite,齮
Twist,扭
ginger,薑
stone tablet,碣
cauldron,鬲
vend,鬻
Bi,邲
exhaust,竭
anxious,絓
barren,瘠
alkali,鹼
remove,祛
shy,腆
Gun,袞
Absolute,絕
Arm,臑
rust,銹
seal,鈐
猋,匋
Quinoa,藜
defend,捍
and,龢
Rod,杆
chalk,堊
Xiang,薌
lump,坨
嬶,嬶
Yes,歟
reed,筬
Kan,闞
repeatedly,屢
Ti,禔
Ginseng,蔘
Ao,鼇
Mao,耄
芿,芿
Tai,垰
earthworm,蚓
Gnawing,囓
叺,叺
Meng,勐
Pang,逄
greasy,膩
guy,佬
county,县
public,众
bowl,盩
bend of a river,厔
Bing,邴
Crossbow,鞬
slander,諚
Ke,岢
cymbals,鈸
clang,鏘
Entertainment,娱
hunting,獵
stallion,騭
bream,魴
step on,蹋
㹨,㹨
Gun,鯀
Insert,插
Yu,遹
Dan,聃
laugh,悝
Che,澶
Pine,槁
Rei,崕
furnace,鑪
guard,卫
gourd,瓠
Negative,隂
Confession,謦
楜,楜
Kun,堃
mushroom,蕈
fresh,鲜
flood,汛
scribe,隸
quiet and elegant,窕
Ti,媞
tenon,枘
獐,獐
蚡,蚡
Yan,嫣
浿,浿
Lychee,荔
Jiao,滘
Luo,漯
Circle,圦
mound,坵
answer,应
垜,垜
Victory,胜
candlestick,檠
escape,遯
trade,贸
Jackal,豺
out,齣
beggar,丐
Hyun,玹
Zhang,嶂
weary,瘁
foot,腳
Encourage,勵
dung,褫
Chan,瀍
countryside,鄖
Fu,鄔
terrace,陔
Kyung,暻
mushroom,菇
drink heavily,酺
Ga,尕
slippery,跣
pavilion,榭
Brass,栱
rising of clouds,霨
stasis,瘀
Job's tears,苡
Crow,鵙
Tanning,鞣
anxiety,惶
Chirp,啾
evil,鬩
翆,翆
question,题
Face,臉
unexpectedly,儻
embedded,崁
Shedding,蛻
Gang,罡
Creation,创
cut,刕
talisman,籙
servant,仆
rinse,涮
chisel,鏨
Arrogant,狷
Change,变
巂,巂
return,囘
Tart,撻
Li,溧
Yin,鄞
beard,鬯
snore,鼾
tune,调
vagina,腟
tin,鉇
cymbals,鐃
旹,旹
Thrush,鶫
Light,溷
Travel,輟
ploughing,畊
set up,设
冄,冄
Yan,艷
Far,远
for,为
Protect,护
longevity,嘏
tiller,蘗
treacherous,忞
Wow,寤
Deng,邓
Wei,伟
overflow,瀁
Handful,抔
Guangdong,粵
clam,蚶
Mi,宓
hub,轂
Xu,盱
cheek,頰
Cooperation,协
talk,话
Ju,琚
Ze,泽
joyous,欢
Sun,蓀
杤,杤
Acetyl,醯
She,佘
submerged,湮
Cicada,蠧
Katsu,禖
beer,啤
sash,襍
and,跟
patella,臏
beak,喙
plow,耜
忰,忰
Li,儷
advise,勸
Tamarix,檉
try,试
抦,抦
嶬,嶬
pad,墊
巠,巠
卆,卆
dismantle,拆
Stream,涓
Ling,寚
⽣,⽣
eaves,檐
nuclear,覈
together,齐
footpath,阡
grave,塋
媖,媖
Xuan,暄
俔,俔
side,边
Qing,箐
strict,严
Editor,辑
News,讯
嚳,嚳
ship,舰
Si,姒
Xi,翕
Yi,貽
May,许
凮,凮
child,僮
Greed,婪
玙,璵
soft,软
writing,籀
Jia,郟
匄,匄
Dan,儋
Layoff,荖
evil,孽
coward,孱
Rejection,懍
bad,壞
Pseudo,僞
Virtual,虛
thrifty,儉
daughter,孃
rumor,謠
chain,鍊
fertility,穉
kin,薤
pheasant,鷭
呍,呍
roof,宀
goose,鷓
narrow,笮
Stick,黐
astringent,澀
grief,耨
daphne,芫
辫,侫
鋠,鋠
巵,巵
Chi,茌
Liu,鏐
Render,渲
post for tethering animals,杙
lift,抬
恊,恊
庬,庬
sad,惻
痲,旲
pedicle,蔕
breast,脯
banish,擯
thigh,髀
Nada,遘
佖,佖
mix,糝
soar,飆
凩,凩
radium,鐳
dust,坌
Rob,搶
mastiff,獒
Pi,貔
Can,盦
handcuffs,杻
Sample,样
boast,夸
depression,洼
椥,椥
furuncle,癤
boil,疔
徸,徸
Lai,崍
Scorpion,蜍
castration,閹
Ren,仞
Xin,瑫
Pillar,拄
Light,釭
quite,蠻
castor,膃
肭,肭
whitlow,瘭
black millet,秬
Ban,棭
herring,鯡
stumble,跎
Jue,玦
Xian,冼
bow,頫
Chills,恙
Fu,滏
cockroach,蠊
drive,驅
regret,悋
rickets,疳
bare,袒
pretend,佯
winding,迤
Grilled,扒
chicken,鸡
Tuan,疃
Sword,劼
Argument,论
禩,禩
橅,橅
Yu,璈
# 6000,# 6000
衑,衑
Search,寻
stingray,鱝
Lucky,僥
Awa,婀
Luo,濼
you,您
⽥,⽥
millet,秡
excellent,优
stiff,殭
grind,碾
sundial,晷
mallard,鳧
瓛,瓛
snivel,洟
枇,枌
praise,讚
Meat,葷
suitable,适
More,逾
stolen goods,贓
Yu,臾
sash,裒
蓙,蓙
drowsiness,暕
魳,魳
righteous,义
ogle,眄
Ting,瑱
Hope,盼
think,諗
pure,纯
Test,验
land,陆
basket for carrying soil,簣
bulge,劻
Yu,禨
Ai,璦
Chi,驰
shark,鯊
Lun,仑
envy,羡
past,曩
Xun,郇
Ki,嵆
sacral,胅
dark green,黝
Sipping,呷
Mimi,咪
steal,偷
atmosphere,氛
Ling,淩
Zhen,禛
Embarrassment,囧
small boat,艋
boat,舺
Xiong,賨
瓫,瓫
Sharp,崆
Yi,詒
He,爀
water chestnut,薺
Soup,汤
繧,繧
繝,繝
Ge,舸
壒,壒
肜,肜
thick,蓊
grieved,忉
Yang,杨
Nai,鼐
Tuan,摶
碵,碵
chop,斫
cassock,衲
Yan,顏
Kick,踢
Da,达
Yue,玥
embroidery,黻
breeding,孳
exchange,汇
hammer,捶
silk,綢
code,码
Sa,萨
cylinder,缸
stupid,傻
step stone,磴
vigorous,遒
acupuncture,砭
掎,掎
falcon,鶿
Dinosaur,辷
Mei,湄
Oar,櫁
duck,鴃
mullet,鯔
Chuanxiong,芎
temple,庙
Feng,酆
dish,碟
carbon,碳
Xi,晞
Squid,鰄
dark,黯
Silk,丝
silk,绸
酛,酛
inquire,詵
桙,桙
Centipede,蜈
centipede,蚣
Watering,澆
tablet,牓
View,观
blind,瞎
rise,崛
A,喞
stagnation,瀦
fall,摔
kill,杀
Yun,韞
mail,邮
Yi,嶧
anthill,垤
乢,乢
Cicada,蝟
Fang,邡
Rong,瑢
muteness,瘂
Zhi,郅
age,岁
slag,礩
risk,险
put,摆
dilemma,豌
cocoa,糲
Shu,沭
sweet potato,苕
eczema,瘣
warm,煖
yak,犛
snake,蜒
Fu,芾
very,很
bell,铃
Gu,顾
Sleep,觉
ridicule,譏
delicate,嫋
Geng,賡
Shu,鄫
Hui,辉
鐚,鐚
萓,萓
Call,吁
Group,组
Weaving,织
marrow,髓
Akira,晙
Tendon,觔
estimate,估
lettuce,苣
Haha,哱
Shan,姍
Duo,哆
By,凭
stumbling,蹕
錞,錞
chariot,輅
relative,亲
now,现
strew,肸
see,睹
Lu,鲁
let,让
尅,尅
murmuring,淙
stagnation,眙
toilet,廁
halogen,滷
Mold,鑅
gun,枪
state,态
value,值
discipline,纪
mirror,镜
埇,埇
oak,棡
rafter,椽
陬,陬
Sweet Osmanthus,樨
tree,棵
環,竒
琫,琫
brick,甃
Ding,甎
廌,廌
borer,蠹
swelling of the liver,痞
fiscal,财
tease,撩
Bing,昞
Lun,伦
ranunculus,茛
fee,费
Qi,綦
Feng,冯
shrimp,鰕
iron,鍉
drama,剧
read,读
feather fan,纛
Ba,灞
Rung,礽
𠮟,𠮟
Cambodia,柬
hoe,鉏
tie up,縢
gnat,虵
embroidery,黼
丿,丿
圷,圷
Page,页
Shanghai,沪
媺,媺
Enter,进
tooth,齒
flowing of water,湓
seek,覓
traveler,羇
Mushroom,蟯
twig,朓
latent,潛
burden,擔
interjection,欹
Knot,结
calendar,历
root,柢
Bi,濞
Circle,圜
Xing,勍
⾼,⾼
撝,撝
Far,陜
Wei,洧
swing,掄
Yan,閆
rouge,胭
Ya,婭
tungsten,鋕
tired,駘
Legacy,遗
順,頠
titanium,鈦
Honor,勋
Teng,腾
bake,烘
engrave,鐫
Mi,弭
焏,焏
⾦,⾦
鎺,鎺
璝,璝
Wai,崴
tick,剔
Korea,丽
Team,队
Ning,寉
Tie,絇
Jun,珺
habit,习
Na,纳
Simulation,拟
Shen,沉
Kueh,粿
window,窗
hut,廞
Tao,弢
rust,鋹
Run,润
shame,忝
fool,笨
Until,迨
basket,篮
?,嗎
Gallop,騁
Ya,琊
⼭,⼭
轑,轑
snort,哼
slop,墘
Cockroach,鳲
Ji,戢
黡,黶
pit,礀
⻄,⻄
Blister,皰
shoulder blade,胛
surface,錶
Alligator,鼉
dangle,紵
Yu,圉
簠,簠
Gui,簋
minnow,鮠
jolly,姁
weedy,薉
leech,蝱
Quarry,鰂
thirsty,渴
trap,陷
Reveal,揭
wet,濕
sleep,寢
Fiber,纖
卽,卽
calendar,曆
take advantage of,趁
silent,噤
extinguish,熄
kiln,窰
𣉙,𣉙
Jue,玨
Fu,紱
Ya,丫
nephew,侄
scribe,隶
Su,肅
gigantic strength,屭
Qin,芩
poisonous snake,虺
蒭,蒭
Bai,碆
漼,漼
偓,偓
鬴,鬴
聨,聨
梍,梍
play,戏
lemon,柠
招,拺
Wei,韦
pound,磅
鯒,鯒
Dong,咚
畺,畺
blind,肓
amber,釻
cigarette,菸
adultery,狎
冐,冐
ton,噸
Pixiu,貅
tie,繒
𡈽,𡈽
Alder,榿
簎,簎
blemish,玷
Yu,麌
㔟,㔟
Cang,栟
Qi,玘
sound of a crash,訇
loyal,藎
So,咁
gully,壑
axe,鉊
tuft of hair,丱
spinach,菠
Late,遲
慙,慙
bind,綯
桷,桷
榲,榲
Zi,訾
Chi,螭
Si,厶
Beans,荳
greedy,騖
Lin,潾
trout,鱊
魞,魞
clasp,銙
cockroach,蟑
Dai,傣
骉,驫
macaque,獼
move,挪
Wei,汧
Cotoneaster,栒
鐐,鄶
dull,駑
⻆,⻆
Bo,亅
屶,屶
Dun,顿
Gang,崞
virtuous,贤
we,咱
slug,鱏
tut,轔
fresh,尟
Roll,輾
珌,珌
No,旡
豢,豢
Silver,鈊
generation,辈
ingenious,儇
cluster,簇
秞,秞
ejaculation,瀷
阌,閿
stretch,繃
熺,熺
茣,茣
Copper,銶
koi,鯎
City,巿
tie,綁
shock,惊
salvage,捄
Grasshopper,蟈
Casket,椨
bu,埗
Crucian carp,鯽
Oriental bullfinch,鷽
橖,橖
⽂,⽂
one,单
bump,碰
layer,层
Seki,泜
Dani,隰
Hang,撛
pond,溏
Rak,叻
enough,夠
pot,煲
Woolen cloth,呢
Kou,蔻
mule,騾
citron,櫞
娡,娡
visit a prostitute,嫖
Tsuyoshi,勣
Hao,淏
Embroidery,綉
clam,蜊
dragonfly,蜓
quack,呱
Mantis,螳
冝,冝
Inquiry,询
shake,抖
Ko,洑
Lun,驎
壋,壋
spy,覘
憕,憕
evil,恶
Mix,糅
Moment,霎
angry,惱
pretty,俏
lamb,羔
Xie,郄
adjudication,讞
seedling,秧
Cod,釤
Yan,峮
Di,娣
timid,膅
浠,浠
Maple,楉
譞,譞
salamander,鯢
sacral,骶
潚,潚
uniform,勻
Play,耍
Jesus,穌
grasshopper,蜢
heron,鷥
蒗,蒗
Give,给
recommend,荐
catfish,鰰
Gao,郜
Fu,鄡
醵,醵
lame,躄
Ti,逖
Hip,胯
nourishment,饊
Chinese ravioli,餛
different,异
Ya,埡
snort,歔
Yu,雩
汭,汭
duck,鶩
Autumn,鞦
thousand,韆
Sauce,酱
Die,耋
朖,朖
⾵,⾵
仚,仚
鼡,鼡
Job's tears,薏
jump,蹦
Magpie,鵆
numb,痲
凕,凕
⾕,⾕
Du,陁
𩸽,𩸽
Fei,霏
逌,逌
枓,枓
Han,邗
lustful,嫪
Ai,毐
駻,駻
steel,钢
falcon,鷀
shaved,髠
ring,响
烺,烺
Howl,啸
pull,捥
arrogance,詇
Xiao,筱
according to,據
coupling,耦
Hu,鄠
stork,鸛
shade,荫
Shan,撣
basket,簍
Review,审
Corner,旮
elf,魈
flying dragon,螣
louse,蝨
Yu,淯
娚,娚
complete,毕
birth,诞
Dictamnus,蓯
coriander,荽
fennel,茴
hungry,饑
fluorescent,熒
light carriage,軺
wine container,卣
fall,墬
夲,夲
Yan,巓
shell,殼
衜,衜
僘,僘
㶟,㶟
罃,罃
Sun,晛
scorpion,蚰
Seven,柒
駼,駼
Report,吿
Heron,鷳
mosquito,蠃
Si,駟
Thanks,谢
repair,补
Hold,拥
nimble,遫
cage,紲
⼥,⼥
oak,棫
reed,簧
cabinet,柜
potassium,鉀
Ping Pong,乒
Pong,乓
偐,偐
Ming,杋
silver,鋀
louse,蛽
tin,鍚
Mi,瀰
欑,欑
palladium,鈀
Ficus microcarpa,萣
broker,儈
昫,昫
釛,釛
Mi,靗
呂,儞
burn,烧
Dirt,污
Hao,澔
Practice,踐
bowl,盌
Lu,鄚
嫐,嫐
lining,襯
Hinge,鉸
Tickle,擽
chelonian,齕
Ao,驁
tent,篷
Pu,潽
light,轻
miserable,慘
嬛,嬛
monkfish,鮟
croaker,鱇
careless,慵
Peng,芃
mine,矿
Translation,译
Other,另
detailed,详
whale,鲸
Disturbance,扰
soap,皂
beautiful,媄
occupy,佔
Kuang,鄺
Sharp,峭
environs,坰
Abalone,鮴
Chestnut,騮
Rice,淕
Beautiful,姣
gem,璨
sedan chair,轎
鑴,鑴
樘,樘
杬,杬
Must,须
pigeon,鴿
Detective,侦
詝,詝
swan,鷁
trotter,軕
oh,哦
He,滃
steal,竊
Wash,澣
To,卨
冩,冩
fox,隹
abdomen,脘
椪,椪
braise,燴
stew,燉
Cake,粄
Wu,浯
珰,璫
Jin,稹
Selling,糶
Luo,犖
wall,墙
晣,晣
琕,琕
meal,饭
Chi,墀
silly,憨
嚭,嚭
tin,锡
stylist,馛
sharp,锐
cherry,樱
dam,埭
Ming,鸣
Gentleman,嫺
ant,螘
pot,壼
Guilt,疚
Shaanxi,陕
Chan,滻
bath,澡
shoulder,膊
丗,丗
old woman,嫗
atrophy,痿
panties,膓
scrofa,鰔
ugly woman,嫫
oak,槲
㮙,㮙
jujube,柍
Iron,鉎
give a bonus,犒
move,迁
溳,溳
sect,祆
奯,奯
怤,怤
carry,攜
garbage,垃
garbage,圾
Silicon,矽
Ji,济
⽤,⽤
sage,蠑
helmet,盔
mud,坭
Li,傈
Xi,僳
褹,褹
Instructions,囑
drag,拖
hunt,畋
cowry,贝
Yao,尧
Optimum,蕞
骕,驌
despise,藐
ferrite,鍄
screen,屛
Min,旽
turn,繙
Zen,襌
stool,杌
Owl,鴞
丨,丨
table,桌
personable,倢
圡,圡
廐,廐
wrinkles,皃
plane,刨
noodle,麭
Attack,袭
eddy,涡
Yan,垵
Chen,軹
塉,塉
hiss,嘶
sword,剑
Zou,邹
stool,凳
蓨,蓨
Duo,朵
listen,听
pierce,搠
altar,坛
ma,嬤
son,伜
thick,麤
birch,桦
嬁,嬁
Baya,鮁
piebald,騅
Flutter,颸
Jun,钧
pin,销
start,启
spade,鏵
Yan,豔
禟,禟
gall,癭
Conversion,皈
parapet,陴
醻,醻
Sewing,紉
beat a drum,咢
beans,菽
Fu,濩
Joy,悅
shoe,舄
accustomed to,忸
shy,怩
窶,窶
湳,湳
碏,碏
Yin,崟
pot,砵
Sincerity,诚
Larch,芟
籰,籰
mom,妈
shake,摇
Goose,鹅
quality,质
嫮,嫮
rhyme,韵
娍,娍
coat,褂
Gift,禀
鄟,鄟
尞,尞
stall,攤
obstinate disease,痼
catch up,趕
Heng,姮
eagle,鹰
Sulfur,磺
丶,丶
stubble,砅
engage,搞
Yi,佾
忣,俁
Luo,骆
Silk,綟
ridge,岭
cloth,佈
昖,昖
slats,棩
malady,痾
gilt,鎏
bell,钟
Lu,吕
Just,刚
Nie,聂
Continue,继
Training,训
item,项
answer,荅
edge,缘
Si,廝
棐,棐
stew,煆
Carry,馱
worship ancestors,祔
lie,咧
傉,傉
Grandmother,姈
Yi,彜
green,绿
夋,夋
劦,劦
𡶀,𡶀
couple,伉
Posted,迚
𤭯,𤭯
hall,厅
swell,肿
swaddling clothes,褓
辶,辶
Bing,昺
Ti,緹
Caution,眘
⼯,⼯
⾂,⾂
⽊,⽊
⽔,⽔
⻘,⻘
stone roller,碡
insect,蟜
Lei,嫘
籛,籛
Leave,离
ribbon,綛
秊,秊
Wow,譁
wheel,轮
檪,檪
small chestnut,芧
Huang,浹
牋,牋
⾏,⾏
Carry,扛
shop,铺
𣘺,𣘺
lotus root,藕
⼟,⼟
Yan,姸
shame,耻
禌,禌
珱,珱
Su,愫
Department,处
㥄,㥄
both,倆
搆,搆
Hill,嶢
foment,罨
flooded,潦
crotch,襠
榁,榁
糘,糘
Angry,恠
reins,韁
mud,淖
瑝,瑝
chase,躡
ka,罧
Yan,龑
wizard,覡
Gain,获
懾,凾
slug,蛞
snail,蝓
畄,畄
Han,晥
little girl,妞
嶹,嶹
aluminum,鋁
Belly,腩
Watchman,柝
欟,欟
shank,鋌
Button,鏦
俀,俀
wrap,裹
oak,櫲
Laos,撾
branches of a tree,杈
kettle on legs,鬷
Grain,萑
Obscured,隄
Fu,鄻
Caryopteris,蕕
𩺊,𩺊
牜,牜
琙,琙
tall,頎
Ape,狖
hunting,猎
remaining,剩
stagnation,滯
bottle,瓿
Beat,毆
cotton,绵
鏆,鏆
Xiao,曧
Ya,暶
㫤,㫤
thread,纟
𦘒,𦘒
肀,肀
䀌,䀌
cover,衋
sodium,钠
䚡,䚡
walk back and forth,徉
𧖤,𧖤
𧖥,𧖥
𧖦,𧖦
簔,簔
Xi,溍
偡,偡
Hey,嚔
radish,蔿
butt,觝
buckle,觼
Owl,鸎
blacken,黷
Que,夬
Hot,燠
Houttuynia,蕺
Owl,鶙
Kasuga,笂
burn,燏
口,囗
𩎓,𩎓
𩏊,𩏊
𩏶,𩏶
𩏷,𩏷
𩏸,𩏸
𩏹,𩏹
𩏺,𩏺
𩏻,𩏻
naked,倮
Lynx,猞
lynx,猁
鼂,鼂
wooded hill,岵
sieve,畩
馎,餺
steamed buns,飥
𣗄,𣗄
愙,愙
wolves,豼
Frog,貙
Xi,皙
Rope,繓
front of clothes,襜
亠,亠
䯨,䯨
Beard,髛
Turtle,髜
hair,髞
䯬,䯬
𰻞,𰻞
𰻝,𰻝
cake,饼
𪚥,𪚥
𱁬,𱁬
刂,刂
two,两
# 7000,# 7000
nail,钉
lines,纹
梐,梐
坒,坒
䰰,䰰
䰱,䰱
櫽,櫽
惃,惃
Fall,漒
stick up,撅
㕎,㕎
馺,馺
Cunning,黠
Long,珑
澒,澒
wormwood,蓚
winter,鼕
乚,乚
turtle,龟
龞,龞
坿,坿
岈,岈
pavilion,簃
袠,袠
defeat,败
𩩓,𩩓
tender,嫰
stalk,桄
旐,旐
chatter,嚕
Mounting,裱
insect,蟫
Bian,昪
琓,琓
still water,泖
𦚰,𦚰
twist,搓
scarlet carp,鰉
Han,菡
lotus,萏
squint,眯
僲,僲
魦,魦
𩶗,𩶗
攵,攵
Hu,滹
𣂺,𣂺
mole,鼢
𩸕,𩸕
A,曱
cockroach,甴
bluefish,鯥
slug,鱫
Yao,崤
pay,繳
bundle,捆
sash,髢
Hwa,怏
磏,磏
beefy,仡
bonsai,杴
Sauté,炗
Hemorrhoids,嚈
clatter,噠
辒,轀
black ewe,羖
irresolute,徬
奵,奵
Grilled,炡
canthus,眦
plague,癘
𢸍,𢸍
嚴,嚠
pellucid,喨
扌,扌
scorch,燋
boar,豭
sad,愀
恟,恟
Flying cat,鼯
Pistil,橤
slander,訕
yttrium,釽
net for catching birds,罦
跁,跿
qin,錻
躃,躃
steroid,甾
naughty,嬭
Blockhouse,碉
Lift,褰
Ling,酃
馼,馼
crazy,疯
Kill,殛
Love,兕
breathing of fish,喁
Shoe,鞫
𧶛,𧶛
Taekwondo,跆
Tsk,嘖
Heng,蘅
cage,櫳
white silk,紈
Lai,徕
Xun,峋
hug,摟
this,这
it,牠
He,怹
He,祂
he,佢
them,哋
bamboo,笟
魬,魬
Squalus,鱚
silver carp,鰱
埖,埖
wing,翽
訓,訽
help,帮
Huan,洹
sting,蛰
㤚,㤚
Crack,皹
ramie,檾
couch,榻
plate,盘
Crucian carp,鲫
庿,庿
noon,晌
rub,磑
ridge,戧
robbery,刧
⽐,⽐
Bai,碚
Kazakhstan,槫
Plum,蔈
deficit,虧
舮,舮
fish,渔
Dry,榦
彠,彠
choke,噎
咾,咾
seed,籽
oyster,鮚
lie,謊
hemp,縕
Love,慜
Jia,贾
lie,谎
hide,躲
Quarrel,吵
block,擋
kidnapping,擄
㯖,㯖
full,弸
暋,暋
freeze,冻
筼,篔
筜,簹
stew,瀇
guillotine,鍘
Tan,漖
鏱,鏱
Ban,螃
搩,搩
path between fields,塍
noodle,麘
bamboo strips,篾
She,厙
侒,侒
擻,擻
attend official functions,浰
憇,憇
圪,圪
锾,鍰
armadillo,犰
armadillo,狳
Prophecy,詖
promise,诺
defend,扞
goat,龝
ramming,夯
鮗,鮗
Huan,轘
when,噹
Chinese quince,楂
addiction,癮
Hu,鬍
Place,寘
Discussion,议
珡,珡
Man,嫚
Qi,錡
梥,梥
槹,槹
Yang,颺
Jue,倕
苽,苽
Ascaris,蛔
flag,旂
restrain anger,眕
瑓,䑓
bean paste,餢
Tempura,飳
Rice,糫
wax,腊
槮,槮
tantrum,韛
predict,蔔
leopard,鱮
fin,鳍
cave,硐
Xuan,敾
dart,镖
嵛,嵛
plate,闆
Gu,咕
Mask,幪
both,俩
screen,筛
Well,呃
Bi,郚
Mt.,堌
Xian,郻
廮,廮
flag,旄
牃,牃
Circle,圐
圙,圙
葰,葰
plateau,塬
obstinate,愎
Mao,峁
Wall,墕
仞,癿
埨,埨
悊,悊
sob,欷
碶,碶
甽,甽
笶,笶
riverbank,漈
垟,垟
farm,畈
soap,梘
bamboo,箬
Chinaberry,楝
exorcism,禳
𢷄,𢷄
gnat,蜅
mill,礱
carbuncle,癈
桼,桼
fraud,諐
Grid,磌
Ba,岜
扨,扨
Clam,蛬
㐌,㐌
浟,浟
偖,偖
Ruo,蓐
譼,輭
忢,忢
wax,蜡
Sha,筲
Gan,灨
贑,贑
丒,丒
d,啲
stuff,嘢
steaming,煠
col,垳
ox,靍
shut,扃
steep,陡
roar of a tiger,虓
sacrifice,禋
Take off,脫
zinc,鋅
Huh,唫
牕,牕
Xiong,勹
𨛬,𨛬
Jie,玠
Mie,峐
Yi,诒
swill,泔
thiophene,鋩
㢸,㢸
Hon,稣
ditch,洫
咼,咼
Ti,倜
neck,脖
Xiao,魹
卄,卄
steep,漚
mince,醢
稒,稒
deer,麐
pressure,压
Violent,戾
Sieve,篚
篏,篏
豦,豦
Xun,逊
wrestle,跤
Kick,蹬
kick,踹
100 million,亿
basket,簓
秇,秇
chimney,囪
㘫,㘫
澴,澴
Thread,緫
揔,揔
Pink,菉
dawn,晓
Bi,邆
shilling,賧
Li,嶍
増,墈
Xi,宧
Ze,昃
View,覐
Epitaph,讔
responsibility,责
id,䴉
卐,卐
record,录
tantalum,鯆
矠,矠
贒,贒
Exciting,溂
rude,傖
垲,塏
stab,擥
Full,满
Sui,逧
pancreatic,胰
虗,虗
Qi,郪
lazy,嬾
痀,痀
Qin,邌
erythema,癜
Flood,濆
Atonement,祊
Su,涑
Countryside,鄳
birch,鶎
Juan,鄄
Yao,鄗
Hunt,獮
穧,穧
Sacred,誽
skinny,臞
Suan,狻
horse,駃
騠,騠
worm,蠼
powerful,騤
蟖,蟖
Firefly,螽
Azulene,薁
rhinoceros,鏓
忭,忭
eels,鱓
disaster,灾
handsome,帅
⼆,⼆
嶪,嶪
start,啟
E,锷
Fu,赋
thriving,茁
Ridge,嶙
glorious,咺
Xie,歂
厪,厪
You,袮
亹,亹
wine,酅
slow in speech,訒
levy,賰
spear,鎩
trembling,顫
unkempt,鬙
Ying,颖
bran,麸
Mantis,螱
snail,螄
Colorful,繽
bud,莕
lettuce,萵
tear,撦
pick,镐
jail,犴
Yan,郾
tin,錥
startle,駭
salt,盬
Tei,怱
Felt,氊
song,麯
Step,阶
stick,贴
Punishment,惩
Bi,蓽
Bi,荜
Long,茇
䄂,䄂
礻,礻
Ying,楹
Gang,槰
僐,僐
receive as a guest,迓
laugh,嘻
捴,捴
Penang,槟
mountain range,嵎
blindfold,瞱
boat,艃
骃,駰
Long,塱
錵,錵
仦,仦
芺,芺
alkali,堿
Ripples,棼
silly,眴
⾬,⾬
medium,乩
stag,犨
die of hunger,殍
珦,珦
岶,岶
gill,鳃
eel,鳗
club,棓
Qian,芊
linden,椌
shallow,輇
restrain,覊
shade,庥
ferrum,鈇
Aya,绫
畡,畡
tree,樉
烐,烐
Shore,灴
Broth,炌
Overseas Chinese,侨
side,侧
Explanation,阐
release,释
product,积
ant,蚂
ant,蚁
chalk,垩
flash,闪
miscellaneous,杂
collapse,坍
Shrink,缩
Fiber,纤
Thunderbolt,雳
round,圆
support,赡
keep,养
Ode,颂
greedy,贪
kind,类
curse,诅
Ben,贲
class,课
dread,怛
stretch,抻
open eyes,睜
Peak,巔
barley,麰
Order,飭
weed,麃
collapse,塌
媓,媓
萮,萮
Chan,嬋
栐,栐
婘,婘
棶,棶
槺,槺
柀,柀
adjacent,邻
冂,冂
𣘸,𣘸
yes,昰
Pick,揀
坧,坧
㷩,㷩
袳,袳
tin,錙
Qiu,逑
橞,橞
Worm,芇
porridge,穈
Complaint,愬
frog,蟶
sun,曬
title,衔
provocation,釁
I,瑌
stone bridge,矼
琤,琤
Qu,蘧
lattice window,牖
large crowd,侁
踈,踈
Lu,隯
pancreas,膸
湗,湗
mace,梲
Butterfly,鷟
劬,劬
powerful horse,駔
column,栏
鞖,鞖
pot,坙
Clam,皶
Lang,崀
callus,胼
Oak,櫬
Fu,轜
Yan,暒
fawn,麑
䋆,䋆
Pound,擣
horse,駉
鵔,鵔
刵,刵
聝,聝
weed,荑
sacrifice,犧
but,卻
Fujian,闽
Crab,蟳
worm,蠘
Boil,汆
stew,燜
stir-fry,熗
simmer,煨
Rice Cake,糍
Pro,临
Dog,駵
broiler,鰮
What,啥
Needle,针
hoe,鑱
beryllium,鈹
Flame,焠
璅,璅
peers,儕
sharp,銳
𡓏,𡓏
偁,偁
乫,乫
Link,鏜
artful,憸
Kui,巋
Lu,甪
brew,醞
deceive,詿
Comparison,较
order,订
岹,岹
vast,袤
Qiao,礄
sacrificial victim,餼
quarrel,諢
No,嘸
pub,廾
pat,拊
丂,丂
Shiro,悆
Huh,咦
剉,幉
goblet,觶
Encourage,勊
Ying,敻
grapefruit,椵
meat broth,臛
meat dish,餚
虙,賻
Water chestnut,荇
Clam,蚦
㹦,㹦
Proverbs,譃
wealth,貲
猧,猧
楃,楃
Bolt,楗
length,梴
Fen,楒
late at night,夤
鞗,鞗
So,恁
廘,廘
苿,苿
Le,砳
stone shrine,祏
Comment,评
temporarily,暂
duck,鸭
冱,冱
alley,挵
㴜,㴜
Sha,痧
enough,彀
battlement,堞
Cut,刓
Deliver,递
Whew,唷
𠊛,𠊛
Mongolian,矇
partner,伙
椈,椈
Bridge,桕
𫞬,𫞬
spasm,挛
桛,桛
軣,軣
Exchange,兑
Change,换
⻩,⻩
秕,秕
mantis,蝪
dwarf,錏
scabbard,鞞
scold with severity,嗃
𥒥,𥒥
Yo,耭
孮,孮
Cast,铸
𣺽,𣺽
Tridacna,硨
Clams,磲
wealth,貭
Dump,甩
Pick,摳
flutter,扑
but,则
塽,塽
甝,甝
妧,妧
⾟,⾟
𨂊,𨂊
Shu,晫
㕥,㕥
釖,釖
Mt.,巶
cross,鞁
cuddle,偎
lintel,楣
珵,珵
Meng,捫
Ying,荥
Jing,泾
锠,錩
僴,僴
蕫,蕫
韪,韙
afternoon,晡
Tax,稅
礐,礐
竌,竌
﨏,﨏
Sharp,鋓
惏,惏
roe deer,狍
suona,笳
敔,敔
Hey,嘿
oh,噢
berry,莓
湏,湏
䂮,䂮
benzene,苯
still,犹
𦧟,𦧟
芁,芁
rhenium,錸
Punishment,詑
Xuan,轩
Feed,餽
pig,豣
sea ​​turtle,黿
horseback,驂
pull out,挈
burial,殮
㴞,㴞
粺,粺
姺,姺
珫,珫
anger,恚
Calendula,茝
魲,魲
鈩,鈩
shoal,峼
昑,昑
竫,竫
Dirt,屮
seabream,鱲
chatter,嘮
Congratulations,贺
crane,鹤
kneel,踠
⼒,⼒
乣,乣
silk,絫
tired,纍
弨,弨
䉼,䉼
哘,哘
trickle,潺
muntjac,麂
礵,礵
冾,冾
trick,竅
squeeze,榨
talk,谈
壂,壂
犮,犮
𫇠,𫇠
palate,齶
tangerine,菷
hut,窋
侲,侲
trestle,堦
Pyril,吡
suddenly,蓦
Yang,扬
companion,侣
Di,頔
玃,玃
Baked,焗
Zinc,鋿
俒,俒
irrigation,溉
Li River,漓
倸,倸
啀,啀
Pictorial,圯
lift,掀
build,盖
muddy,濚
fish,鱼
frontier,陲
颰,颰
㝹,㝹
Laos,挝
Wei,韰
cracked,皴
unobservant,眛
䳉,䳉
Momentum,势
Deliver,遞
Xuan,烜
Nai,柰
stew,炆
scorching,熥
Luo,瑬
poison,鴆
escort,羑
die,殞
垻,垻
Casket,褁
侹,侹
lie,躺
talent,纔
晬,晬
cape,帔
Jie,勔
瑊,瑊
愭,愭
旉,旉
Yi,廙
Arsenic,鍠
scorpion,釶
Guan,琯
椆,椆
Nin,隝
money,钱
okra,蕣
Ning,寗
skeleton,骼
select,择
?,吗
reward,赏
various,诸
lotus,蕖
nest,蔟
glue,胶
Fight,鬦
skinny,臠
飂,飂
㳒,㳒
spectrum,谱
堖,堖
潡,潡
祩,祩
僙,僙
She,畬
㮾,㮾
bound in a league,綣
瑇,瑇
觻,觻
靬,靬
tough,韌
𨷶,𨷶
𤋮,𤋮
Huh,唿
椶,椶
apologize,歉
slag,矴
ma,嬷
淂,淂
embarrassed,尬
drive,驱
Tip,髫
Pity,愒
fa,垡
Posthumous,謚
Sui,睢
soar,翥
挧,挧
veil,羃
flood,湲
song state,娀
Rising,沬
Dou,鬬
gauze,縠
Nong,侬
𠁩,𠁩
yellow,緗
thatched,茆
𠮭,𠮭
lumps,瘕
deaf,聵
Houttuynia cordata,藿
cuckoo,鵩
aspire,嵂
崒,崒
Inscription,铭
偰,偰
dip,蘸
stand for goblets,坫
date,枣
玵,玵
㪉,㪉
㷆,㷆
grass,蕘
畓,畓
cranes,鵐
猇,猇
羕,羕
Kai,騊
axis,轴
forward,锋
Decoration,饰
Dang,逷
Jiao,醮
eclipse,蚀
Sorrow,慴
firefly,萤
褜,褜
Lu,逯
Hui,輙
abandoned,弃
嫥,嫥
cut,剮
旿,旿
毣,毣
stall,摊
Pi,岼
beep,嘀
Qi,歧
Thank you,愜
Don't,彆
dregs,洨
Still,尙
㺪,㺪
concubine,媵
chessboard,枰
Shan,姗
Qing,沄
Wei,葳
practice,练
kite,鸢
rope,绳
bomb,弹
account,帐
phoenix,翬
匏,匏
㤗,㤗
glutinous rice,稌
Warning,儆
eel,犲
Yong,镛
Library,库
Execution,执
barge,驳
烔,烔
camel,驼
tadpole,蝌
tadpole,蚪
palace,宫
Baba,峇
Castanopsis,櫧
nacelle,舙
栬,栬
Test,测
woman,妇
vanadium,釩
Zhong,锺
beep,嘟
怺,怺
fast,斋
Circle,蜿
startling,噩
𢧳,𢧳
輖,輖
Miao,缪
Tan,谭
Warp,翘
Frame,桢
Hong,鸿
Cong,聪
Humility,谦
stable,稳
Lu,卢
Yun,蕴
Xiao,萧
age,龄
Sun,荪
Dong,栋
Huan,焕
Jian,鉴
Yi,贻
forgive,谅
lotus,莲
rely,赖
Jian,坚
掭,掭
Lian,琏
brake,軔
ember,烬
meaning,谛
Rice cake,粭
stamp,戳
Ugh,嗢
shad,鰣
嵿,嵿
Yang,昜
Yang,泱
蒥,蒥
瓈,瓈
tuna,鰵
稢,稢
叓,叓
quince,柤
玱,瑲
芚,芚
Bird,鸇
𦨭,𦨭
Du,鄃
傑,傔
our,敝
marry,媾
barbel,鲃
Beat,棰
storm,靁
袵,袵
庀,庀
Bang,梆
weed,菆
Bo,僰
妠,妠
莔,莔
expensive,贵
imitation,諠
gushing,浡
埞,埞
悺,悺
Tai,邰
塸,塸
䲲,䲲
# 8000,# 8000
氵,氵
璮,璮
bite,啃
boil,烋
Zhuang,鄣
Hong,閎
Continued,续
Yan,颜
read,阅
webbed,蹼
Meow,喵
Lin,菻
granary,囷
窫,窫
ugly,窳
shaggy,尨
Xu,浞
鏻,鏻
苐,苐
苩,苩
𡸇,𡸇
㶱,㶱
View,觮
Squid,鱄
beach,湩
Dan,儛
Zn,銍
lining,緤
granules,颗
垙,垙
swaddling clothes,襁
Spanish mackerel,鰆
flounder,鰈
䆃,䆃
ah,啊
Ogre,鶂
䳔,䳔
niu,鵮
gizzard,肫
皀,皀
辵,辵
陏,陏
not,遑
㖙,㖙
coffee,啡
sleep,瞫
娗,娗
Chirp,唧
bar,攔
swastika,鍝
Qin,琹
棯,棯
𢬥,𢬥
die violently,獙
calamity,眚
makeup,妆
兠,兠
⾷,⾷
⼦,⼦
⾔,⾔
醧,醧
Cen,涔
酂,酇
汮,汮
鐥,鐥
藔,藔
爼,爼
wash,澉
楲,楲
鄅,鄅
recalcitrant,婼
Hao,皞
pigeon,鴡
Spinning,纺
sugar,餳
widow,嫠
Xin,訞
妭,妭
Grass,蓲
⾚,⾚
Yun,紜
molten,烊
珝,珝
thumping,怦
She,畲
daughter-in-law,媳
snare,諟
moss,狔
⽅,⽅
disappointment,憭
Kun,崐
Dipterocarpus,萁
Shun,隖
𢄓,𢄓
widow,孀
without,冇
Pole,橦
sieve,簁
bedside stand,桯
Got it,暸
radish,蕽
埌,埌
Beep,嗶
furtively glance,睒
youngest,幺
Return,归
destroy,燬
recite,诵
yew,鉷
訄,訄
䍧,䍧
ant,螞
Sputum,痎
Xie,獬
Zhi,豸
﨤,﨤
Destruction,灭
cabin,舱
漴,漴
Sui,濉
Kill,溮
淨,淠
Already,旣
Laid back,嫽
Ci,泚
⼝,⼝
⽌,⽌
⽯,⽯
⿅,⿅
fork,扠
Lin,遴
dragon,虯
zygomatic,顴
Severe,厉
pole,极
鐄,鐄
shackles,陦
Give,赐
rock,嵒
shovel,鏟
dragonfly,蜮
庲,庲
娯,訯
Lu,曒
glutinous rice,糴
stag,麈
戉,戉
𠩤,𠩤
enemy,敌
magnesium,鎂
cheat,骗
㵲,㵲
footpath,徯
Xun,塤
綎,綎
La,砬
Yao,垚
Escape,逋
indistinct,緲
cap tassel,綖
Sell,卖
⾞,⾞
wrong,错
error,误
subtle,眇
transgression,愆
Bi,邿
tuna,鎛
攽,攽
栶,栶
妟,妟
strong,醼
mulberry,葚
Pick,寀
缵,纘
store,囤
dumb,喑
Lu,淥
Qing,澐
Shun,顺
hoe,錟
涍,涍
僩,僩
誴,誴
Ladle,杔
竧,竧
伹,伹
⺠,⺠
library stack,宬
⼿,⼿
leave,丟
晊,晊
Wei,琸
stag,賟
𠵇,𠵇
Jing,璡
⾨,⾨
temples,鬓
Sun,暊
熞,熞
quill,翮
撇,撇
珋,珋
ridge,埂
Kan,婠
婥,婥
splash,濺
hydrogen,氫
trap,阱
Shackle,扆
if,倘
倂,倂
mulberry,羾
provincial judge,臬
tuberculosis,瘵
peg,橛
Qi,棨
pheasant,鴌
Maki,岾
tin,鉧
璗,璗
oak,檞
Shi,嶲
stubborn,倔
certificate,证
word,词
clog,屐
𤋦,𤋦
Cang,苍
壎,壎
鍭,鍭
quartz,鈚
繐,繐
牎,牎
soap,皁
Kill,斿
睍,睍
kilowatt-hour,瓩
Wool,紪
鐤,鐤
file,銼
pot,鍑
grass,艹
𠆢,𠆢
䱷,䱷
spit,啐
cord,緡
阬,阬
diaphragm,膈
猃,獫
Xiong,狁
Ying,瀅
trough,瀲
foenum,葮
聢,聢
Sui,眭
umbrella,繖
綪,綪
辧,辧
漵,漵
媁,媁
turnip,葑
sticky,黏
exterminate,殄
Gu,牯
tack,釥
Yu,湉
Find,揾
Trichosanthes kirilowii,蔞
Whew,呴
mound,堙
King,奰
剏,剏
tribute,贡
warehouse,仓
tight,紧
囏,囏
bald eagle,頍
hire,僦
mouse,鼷
condyle,髁
Claw,螯
𦻙,𦻙
porphyrite,玢
禵,禵
䄉,䄉
祄,祄
祹,祹
禝,禝
䄔,䄔
禶,禶
禐,禐
Xi,薜
wok,鑊
悕,悕
Crane,鴲
绠,灄
cute,睆
ripple,渼
渞,渞
monkey,猨
stagger,蹌
棪,棪
喣,喣
forehead,顙
䱩,䱩
Prolactin,鱨
Raise,举
hire,僱
湶,湶
K,熜
壡,壡
坖,坖
𪉖,𪉖
𰋁,𰋁
㙺,㙺
𰉬,𰉬
媜,媜
aunt,嬫
傑,嫃
Humiliation,硴
ride,骑
Min,斄
蘓,蘓
俉,俉
beamy,泂
灓,灓
琠,琠
reclaimed land,畇
shovel,剷
苙,苙
bamboo,籘
甂,甂
Pheasant,鷴
copulate,姤
pile,樁
𩿡,𩿡
緂,緂
艻,艻
栜,栜
head,髱
cheerful,恔
fence,笆
Fang,賕
leprosy,癧
taro,稵
Hong,翃
𫲨,𫲨
𧊒,𧊒
墹,墹
person,煐
haste,勷
trowel,鏝
蕑,蕑
𥻸,𥻸
𤙭,𤙭
Rice noodle,糵
Slightly,咯
Basket,籑
Ji,璂
sun about to rise,曈
Yan,鄮
Wei,瑨
weep,泫
plaster,墁
fermented black beans,豉
㑹,㑹
lateral,橲
Yan,鄾
Qiao,蹻
off,饐
thick,垕
Ae,祧
淍,淍
lock,鈖
ear,穟
pearl,璸
Lu,騄
Satsuma,犭
𡌛,𡌛
upright,婞
魕,魕
bristle,鬃
turtle,鱉
Zhao,炤
Kei,暅
Damaged,沍
魋,魋
obi,帑
tattoo,黥
disobedient,忤
firefly,螠
Liao,辽
aluminum,铝
smell of mutton,膻
𣎳,𣎳
tree,朩
𣓏,𣓏
𣡕,𣡕
𣡽,𣡽
㮎,㮎
橊,橊
雧,雧
䯂,䯂
𤆬,𤆬
fire,煚
㫕,㫕
radish,萝
𠤩,𠤩
𤅶,𤅶
𠀧,𠀧
𢄂,𢄂
Li,藶
㖼,㖼
𦓿,𦓿
rocky,磈
𪻆,𪻆
miserable,悒
Velvet,毳
Wan,娎
鏁,鏁
clang,铿
clang,锵
scornful,頲
aunt,嬸
ruthless,狠
win,贏
step on,踩
incense stick,炷
寋,寋
Ban,旆
阒,闃
opponent,仵
chin,鋡
seek,谋
hidden,隐
⼩,⼩
⼠,⼠
Hello,餵
鍙,鍙
𣦵,𣦵
Food,歺
髃,髃
Liao,髎
Sun,焞
𫟉,𫟉
艜,艜
Convergence,歛
dog,獢
鯑,鯑
fall,墮
rain,霅
鏧,鏧
steamed bun,饃
tie,縶
𣝣,𣝣
屺,屺
偆,偆
Disaster,难
gate of heaven,閶
槑,槑
silk,絙
water chestnut,茈
Heng,珩
roll,滚
橪,橪
kang,炕
chopsticks,銿
Pewter,鑞
load,载
jujube,枛
Firefly,螟
颁,颷
embroidered banner,綮
Yu,竽
Brocade,楴
sparkle,爍
sincere,悃
owl,鶖
linen,絺
father,爹
慤,慤
lice,蟣
Cooking,飪
thick waterproof silk,縑
yarn,纱
False,誐
rice cake,餝
𡑮,𡑮
engrave gem,琱
Extension,搨
檝,檝